file_path,relative_path,file_name,class_name,class_id,width,height,channels,aspect_ratio,file_size_bytes,sha256,has_gt_bbox,has_gt_mask,has_gt_depth
C:\Users\elang\Downloads\animals\Indian Animals\Asiatic Lion\000001.jpg,Indian Animals\Asiatic Lion\000001.jpg,000001.jpg,Asiatic Lion,0,1200,800,3,1.5,52798,ca3b9ca03729624fff497cc511a741999377c06eacab7fbe49ad20c0ea5ff9d0,False,False,False
C:\Users\elang\Downloads\animals\Indian Animals\Asiatic Lion\000002.jpg,Indian Animals\Asiatic Lion\000002.jpg,000002.jpg,Asiatic Lion,0,980,665,3,1.4737,89488,672de077798964cd88bcc3c8b0d0f2699829aa1becf983013f6322b4d2df6a2b,False,False,False
C:\Users\elang\Downloads\animals\Indian Animals\Asiatic Lion\000003.jpeg,Indian Animals\Asiatic Lion\000003.jpeg,000003.jpeg,Asiatic Lion,0,5760,3840,3,1.5,2294939,21212ec423cff5d401ad53ad894363be30646e73860ec210a0d953b4946a8e7f,False,False,False
C:\Users\elang\Downloads\animals\Indian Animals\Asiatic Lion\000004.jpg,Indian Animals\Asiatic Lion\000004.jpg,000004.jpg,Asiatic Lion,0,980,653,3,1.5008,54786,d4d706d8fe9b590c3f4d607542e424a71ce0441c94bea6372e5e9f1a5c633675,False,False,False
C:\Users\elang\Downloads\animals\Indian Animals\Asiatic Lion\000006.jpg,Indian Animals\Asiatic Lion\000006.jpg,000006.jpg,Asiatic Lion,0,1120,700,3,1.6,161731,b59ee99f675bfd66f3740050832b2de75fbddc7f068edeece4b9adb169c0ad36,False,False,False
C:\Users\elang\Downloads\animals\Indian Animals\Asiatic Lion\000007.jpg,Indian Animals\Asiatic Lion\000007.jpg,000007.jpg,Asiatic Lion,0,1000,667,3,1.4993,528427,4fe37a451a015b940021c2734658047d1977351ba447871441dec697eb0d84f2,False,False,False
C:\Users\elang\Downloads\animals\Indian Animals\Asiatic Lion\000009.jpg,Indian Animals\Asiatic Lion\000009.jpg,000009.jpg,Asiatic Lion,0,1300,821,3,1.5834,237551,2dbf5bed356a58580203199c05f62bf49c5f0bb439e31248ab1b19c5122417bc,False,False,False
C:\Users\elang\Downloads\animals\Indian Animals\Asiatic Lion\000010.jpg,Indian Animals\Asiatic Lion\000010.jpg,000010.jpg,Asiatic Lion,0,1600,1152,3,1.3889,244268,f816557c30d751453f79b0433691913b34027c95b7527542f81920a49e5ba6c7,False,False,False
C:\Users\elang\Downloads\animals\Indian Animals\Asiatic Lion\000011.jpg,Indian Animals\Asiatic Lion\000011.jpg,000011.jpg,Asiatic Lion,0,1920,1280,3,1.5,655374,fbb604006845428bcc29193f5f1a2d3bcf7ad4a27bffb800f896395d1025c928,False,False,False
C:\Users\elang\Downloads\animals\Indian Animals\Asiatic Lion\000012.jpeg,Indian Animals\Asiatic Lion\000012.jpeg,000012.jpeg,Asiatic Lion,0,5760,3840,3,1.5,2294939,21212ec423cff5d401ad53ad894363be30646e73860ec210a0d953b4946a8e7f,False,False,False
C:\Users\elang\Downloads\animals\Indian Animals\Asiatic Lion\000012.jpg,Indian Animals\Asiatic Lion\000012.jpg,000012.jpg,Asiatic Lion,0,1920,1365,3,1.4066,500782,826b5d746c0567c227e3325b9f61127af0481c6c81b7da576367c60a74d22534,False,False,False
C:\Users\elang\Downloads\animals\Indian Animals\Asiatic Lion\000013.jpg,Indian Animals\Asiatic Lion\000013.jpg,000013.jpg,Asiatic Lion,0,1600,1157,3,1.3829,223343,968333f03fd610b2557f2ffbb18c6e4df186fdb92fcfe0960f335dac7da140f0,False,False,False
C:\Users\elang\Downloads\animals\Indian Animals\Asiatic Lion\000014.jpg,Indian Animals\Asiatic Lion\000014.jpg,000014.jpg,Asiatic Lion,0,1600,1153,3,1.3877,221879,35eea5972ec0746008e402b26b33b2de8ffdbb347964a1491d34ed1ce19b5c07,False,False,False
C:\Users\elang\Downloads\animals\Indian Animals\Asiatic Lion\000015.jpg,Indian Animals\Asiatic Lion\000015.jpg,000015.jpg,Asiatic Lion,0,1000,667,3,1.4993,389354,8139aaa976a606ef1904a205df7794ff2650acf78d5f10e0d4f5bfc7d67dc428,False,False,False
C:\Users\elang\Downloads\animals\Indian Animals\Asiatic Lion\000016.jpg,Indian Animals\Asiatic Lion\000016.jpg,000016.jpg,Asiatic Lion,0,1280,720,3,1.7778,190401,2034e1d652f2759ba11e4012f42e1e25fa16fffc80a0795d2584eacd65470be1,False,False,False
C:\Users\elang\Downloads\animals\Indian Animals\Asiatic Lion\000017.jpg,Indian Animals\Asiatic Lion\000017.jpg,000017.jpg,Asiatic Lion,0,1300,956,3,1.3598,180763,0733fdebcf93b896de83041d91fdd11f6061b1b363acd879195e996fac6e75d3,False,False,False
C:\Users\elang\Downloads\animals\Indian Animals\Asiatic Lion\000018.jpg,Indian Animals\Asiatic Lion\000018.jpg,000018.jpg,Asiatic Lion,0,1500,1101,3,1.3624,592590,5a0910fb9295cb5bd04a540b77f1645ae68e0a814dfa2dc9888181040aa29338,False,False,False
C:\Users\elang\Downloads\animals\Indian Animals\Asiatic Lion\000019.jpg,Indian Animals\Asiatic Lion\000019.jpg,000019.jpg,Asiatic Lion,0,1500,1101,3,1.3624,974619,b33bae878951eb474af9d41b2d0cf70a733cadaeab63750f49dcf4f7221622f2,False,False,False
C:\Users\elang\Downloads\animals\Indian Animals\Asiatic Lion\000020.jpg,Indian Animals\Asiatic Lion\000020.jpg,000020.jpg,Asiatic Lion,0,1300,956,3,1.3598,156059,fe74bb498a9204ea021173bf7dac8a3bfcdb39bad1b052e632a8693c9251a60d,False,False,False
C:\Users\elang\Downloads\animals\Indian Animals\Asiatic Lion\000021.jpg,Indian Animals\Asiatic Lion\000021.jpg,000021.jpg,Asiatic Lion,0,1300,956,3,1.3598,170009,dd09e682da950c2a0ed48b9f2cb805093cbaa68a04899637e7a1ad5c13860cde,False,False,False
C:\Users\elang\Downloads\animals\Indian Animals\Asiatic Lion\000022.jpg,Indian Animals\Asiatic Lion\000022.jpg,000022.jpg,Asiatic Lion,0,1000,667,3,1.4993,510631,7bd0d4353c7e18592c78e167356d6c74a1ce4ec67d36a71e50450c52db693977,False,False,False
C:\Users\elang\Downloads\animals\Indian Animals\Asiatic Lion\000023.jpg,Indian Animals\Asiatic Lion\000023.jpg,000023.jpg,Asiatic Lion,0,1500,1101,3,1.3624,478239,8d33b0e9589be78c724c5f6f26e5f4cecface350e6d9e26455a27c765ca2023c,False,False,False
C:\Users\elang\Downloads\animals\Indian Animals\Asiatic Lion\000024.jpg,Indian Animals\Asiatic Lion\000024.jpg,000024.jpg,Asiatic Lion,0,1600,1156,3,1.3841,279867,b2f11b70862b24a2d30f70efca8c6dbe8027b513b7c9326100c9287cf32469de,False,False,False
C:\Users\elang\Downloads\animals\Indian Animals\Asiatic Lion\000025.jpg,Indian Animals\Asiatic Lion\000025.jpg,000025.jpg,Asiatic Lion,0,1300,954,3,1.3627,178042,895aee103883a69df6227ebb68578babc11883fdd402916d311b3d450820e539,False,False,False
C:\Users\elang\Downloads\animals\Indian Animals\Asiatic Lion\000026.jpg,Indian Animals\Asiatic Lion\000026.jpg,000026.jpg,Asiatic Lion,0,1000,667,3,1.4993,251164,e10c1e12d6a22f73da815f18df26d2de0b2a49ac3fba1ab79b5fb96f5d92ddee,False,False,False
C:\Users\elang\Downloads\animals\Indian Animals\Asiatic Lion\000027.jpg,Indian Animals\Asiatic Lion\000027.jpg,000027.jpg,Asiatic Lion,0,1000,667,3,1.4993,243136,49cc55aab581417513af82a27279fd09c3b42b4e07d34909f87826aae351ea38,False,False,False
C:\Users\elang\Downloads\animals\Indian Animals\Asiatic Lion\000028.jpg,Indian Animals\Asiatic Lion\000028.jpg,000028.jpg,Asiatic Lion,0,949,633,3,1.4992,221809,b8f9af5dbcea641c7246fc8ccf69b9355c33e3696d08a6ec9028d7c8d1741874,False,False,False
C:\Users\elang\Downloads\animals\Indian Animals\Asiatic Lion\000029.jpg,Indian Animals\Asiatic Lion\000029.jpg,000029.jpg,Asiatic Lion,0,800,608,3,1.3158,61391,8211a3db2a495001fa6fcd60a5eafec02e768fdf2478cc6ee91d50c7403a81ea,False,False,False
C:\Users\elang\Downloads\animals\Indian Animals\Asiatic Lion\000030.jpg,Indian Animals\Asiatic Lion\000030.jpg,000030.jpg,Asiatic Lion,0,800,400,3,2.0,51214,889ce44d92d85d2bb5b37863ec9f4ffd3524a8926a0c5a029f939c937508b73a,False,False,False
C:\Users\elang\Downloads\animals\Indian Animals\Asiatic Lion\000031.jpg,Indian Animals\Asiatic Lion\000031.jpg,000031.jpg,Asiatic Lion,0,1000,667,3,1.4993,544736,517efd2ba33e0e20096c81738dea0006ed83490cc8aa29929e647b38f8df97ed,False,False,False
C:\Users\elang\Downloads\animals\Indian Animals\Asiatic Lion\000032.jpg,Indian Animals\Asiatic Lion\000032.jpg,000032.jpg,Asiatic Lion,0,1000,667,3,1.4993,404490,a37ecfd4c4013d8ba20cf2d753e99578e340553215bdd2b4bc504ec5898d5816,False,False,False
C:\Users\elang\Downloads\animals\Indian Animals\Asiatic Lion\000033.jpg,Indian Animals\Asiatic Lion\000033.jpg,000033.jpg,Asiatic Lion,0,1200,800,3,1.5,271839,ba1f2bac4eb3b527e1f098e87401eaaa928869d2ff3d379fb73a49bae89e1519,False,False,False
C:\Users\elang\Downloads\animals\Indian Animals\Asiatic Lion\000034.jpg,Indian Animals\Asiatic Lion\000034.jpg,000034.jpg,Asiatic Lion,0,1600,1220,3,1.3115,246331,f900a985cf9142460675215c0c965bee4364d02c97eafcf8c1c2d32c746ad509,False,False,False
C:\Users\elang\Downloads\animals\Indian Animals\Asiatic Lion\000035.jpg,Indian Animals\Asiatic Lion\000035.jpg,000035.jpg,Asiatic Lion,0,3072,2304,3,1.3333,6549695,47ea9c96547f6df174a7ddbea87e16f8946f32cec4228dec561db91d6d8316dd,False,False,False
C:\Users\elang\Downloads\animals\Indian Animals\Asiatic Lion\000036.jpg,Indian Animals\Asiatic Lion\000036.jpg,000036.jpg,Asiatic Lion,0,800,533,3,1.5009,76655,66b77fa3e14eb7fa31787e9477a28b5157f0b4dd0da48dc238d6a5dec30dfef5,False,False,False
C:\Users\elang\Downloads\animals\Indian Animals\Asiatic Lion\000037.jpg,Indian Animals\Asiatic Lion\000037.jpg,000037.jpg,Asiatic Lion,0,2048,2048,3,1.0,3027071,f49450f008b25028893c299a00801f40e104fc3c3a5ae7c636c2ab2136273f07,False,False,False
C:\Users\elang\Downloads\animals\Indian Animals\Asiatic Lion\000038.jpg,Indian Animals\Asiatic Lion\000038.jpg,000038.jpg,Asiatic Lion,0,1151,1390,3,0.8281,143850,d5b27a5655bc613d2315ac94970a075866105792792099490f678b7b61a1f96d,False,False,False
C:\Users\elang\Downloads\animals\Indian Animals\Asiatic Lion\000039.jpg,Indian Animals\Asiatic Lion\000039.jpg,000039.jpg,Asiatic Lion,0,2867,1389,3,2.0641,1003880,518b3f547b1bb98f56f5281c21b8e4b52c4aec47bd264d19b92271229179c652,False,False,False
C:\Users\elang\Downloads\animals\Indian Animals\Asiatic Lion\000040.jpg,Indian Animals\Asiatic Lion\000040.jpg,000040.jpg,Asiatic Lion,0,1280,720,3,1.7778,296115,0308d38c7c15e6a83c362d4690b457ece87819e3c41025c9aaba6de8931f2c33,False,False,False
C:\Users\elang\Downloads\animals\Indian Animals\Asiatic Lion\000041.jpg,Indian Animals\Asiatic Lion\000041.jpg,000041.jpg,Asiatic Lion,0,2048,1414,3,1.4484,339873,4220defefdf80f219eb5fb46f10d4e70170d0d282e2b1e0d66610597fa44fa29,False,False,False
C:\Users\elang\Downloads\animals\Indian Animals\Asiatic Lion\000042.jpg,Indian Animals\Asiatic Lion\000042.jpg,000042.jpg,Asiatic Lion,0,1600,1156,3,1.3841,277672,1a765300ebaee7f14e5d5c2f57ba50fa23517967b80a98a1e7f01b3ac7ea0fa9,False,False,False
C:\Users\elang\Downloads\animals\Indian Animals\Asiatic Lion\000043.jpg,Indian Animals\Asiatic Lion\000043.jpg,000043.jpg,Asiatic Lion,0,390,280,3,1.3929,30935,4b87af1e96ca2aa45e7411bf80793ed91ab28f948c5028311e137417acdf4dcc,False,False,False
C:\Users\elang\Downloads\animals\Indian Animals\Asiatic Lion\000044.jpg,Indian Animals\Asiatic Lion\000044.jpg,000044.jpg,Asiatic Lion,0,1600,1157,3,1.3829,156806,ef2a2d3e669d7cf476329f95b439ec7a467dff02ee26de87b72e127a7a7d81ce,False,False,False
C:\Users\elang\Downloads\animals\Indian Animals\Asiatic Lion\000045.jpg,Indian Animals\Asiatic Lion\000045.jpg,000045.jpg,Asiatic Lion,0,1300,955,3,1.3613,214603,53727efa5f071d6fe7a6296c15fe4778d17070c34b0db82369fabee89ac1d173,False,False,False
C:\Users\elang\Downloads\animals\Indian Animals\Asiatic Lion\000046.jpg,Indian Animals\Asiatic Lion\000046.jpg,000046.jpg,Asiatic Lion,0,1300,1001,3,1.2987,179553,af9b7edc92f00eeb5f70b76307c7f5183f97f7fad56ecf7cf5636cec4200d9c5,False,False,False
C:\Users\elang\Downloads\animals\Indian Animals\Asiatic Lion\000047.jpg,Indian Animals\Asiatic Lion\000047.jpg,000047.jpg,Asiatic Lion,0,1080,720,3,1.5,255881,22e585a74d44517c850707a700e18ffb5cefa34e2e40afaf8cd0180246dede5e,False,False,False
C:\Users\elang\Downloads\animals\Indian Animals\Asiatic Lion\000048.jpg,Indian Animals\Asiatic Lion\000048.jpg,000048.jpg,Asiatic Lion,0,1600,1232,3,1.2987,190130,afb798c3b794243869e82029daadbbc35573e0c1f02b342c640626d63f20a90c,False,False,False
C:\Users\elang\Downloads\animals\Indian Animals\Asiatic Lion\000049.jpg,Indian Animals\Asiatic Lion\000049.jpg,000049.jpg,Asiatic Lion,0,975,1390,3,0.7014,123105,180837df1d82fe3083d94cdc1cc400ac9c6fdcf5af66c543feedb0b3c1c70349,False,False,False
C:\Users\elang\Downloads\animals\Indian Animals\Asiatic Lion\000050.jpg,Indian Animals\Asiatic Lion\000050.jpg,000050.jpg,Asiatic Lion,0,1300,996,3,1.3052,190034,3fa34577495dc37e22d17f521aca108f1ac6b446e33ca7ed07963976b0c69a58,False,False,False
C:\Users\elang\Downloads\animals\Indian Animals\Indian Cow\000001.jpg,Indian Animals\Indian Cow\000001.jpg,000001.jpg,Indian Cow,1,750,1000,3,0.75,441049,2ef73e794ad8e4f4bdd555572f1c646c2d7a3652774e75e7a260bf027c452928,False,False,False
C:\Users\elang\Downloads\animals\Indian Animals\Indian Cow\000003.jpeg,Indian Animals\Indian Cow\000003.jpeg,000003.jpeg,Indian Cow,1,4407,2905,3,1.517,1116642,c8e1380fb63b5b262d53e6c80de79975d7e6ee346c1fcf99a923a3f7a65334bd,False,False,False
C:\Users\elang\Downloads\animals\Indian Animals\Indian Cow\000004.jpeg,Indian Animals\Indian Cow\000004.jpeg,000004.jpeg,Indian Cow,1,2624,3936,3,0.6667,847901,ed00f1c92b9fc5b15bb1e1f09cefb655ca6128e1ae7df148884361928e0d1d33,False,False,False
C:\Users\elang\Downloads\animals\Indian Animals\Indian Cow\000004.jpg,Indian Animals\Indian Cow\000004.jpg,000004.jpg,Indian Cow,1,1200,1690,3,0.7101,355636,2f8c28256dc6125a03567e3d70be743d369ebb137a328b01424a580d43d60ab4,False,False,False
C:\Users\elang\Downloads\animals\Indian Animals\Indian Cow\000005.jpeg,Indian Animals\Indian Cow\000005.jpeg,000005.jpeg,Indian Cow,1,6000,4000,3,1.5,964749,e1eadba11efb11509c45c8122089108bad35d18d0e3b7b386705b735ae99d319,False,False,False
C:\Users\elang\Downloads\animals\Indian Animals\Indian Cow\000006.jpeg,Indian Animals\Indian Cow\000006.jpeg,000006.jpeg,Indian Cow,1,4000,6000,3,0.6667,1112891,10db40f0afb58fb29dcb85ca2d14b032003923688db54bb2625330dd4fcb799d,False,False,False
C:\Users\elang\Downloads\animals\Indian Animals\Indian Cow\000007.jpg,Indian Animals\Indian Cow\000007.jpg,000007.jpg,Indian Cow,1,1920,1080,3,1.7778,592549,a460f11b8d52b7f94bd21fa99b4e966d401274142fea8e216d6dbe23bd370dbd,False,False,False
C:\Users\elang\Downloads\animals\Indian Animals\Indian Cow\000008.jpeg,Indian Animals\Indian Cow\000008.jpeg,000008.jpeg,Indian Cow,1,4672,7008,3,0.6667,1518930,42b168904027709a907fa8c8f6f96074d7d602f6fa271966e22ad5847248c516,False,False,False
C:\Users\elang\Downloads\animals\Indian Animals\Indian Cow\000008.jpg,Indian Animals\Indian Cow\000008.jpg,000008.jpg,Indian Cow,1,1050,700,3,1.5,71285,1ee97d85d67621f98de282623a2026d77bae62dfb9b4962658a8a7f29cc952ef,False,False,False
C:\Users\elang\Downloads\animals\Indian Animals\Indian Cow\000009.jpg,Indian Animals\Indian Cow\000009.jpg,000009.jpg,Indian Cow,1,770,400,3,1.925,102056,566f889e3d4801d6294c872ff7ba0a235392e4879f194b7c8cea88be10d01cbf,False,False,False
C:\Users\elang\Downloads\animals\Indian Animals\Indian Cow\000010.jpeg,Indian Animals\Indian Cow\000010.jpeg,000010.jpeg,Indian Cow,1,2840,2130,3,1.3333,917340,c4e1d4ff9b24d601739b0894a5229e99defff7e289f6a4bce4b7026fda43a1f4,False,False,False
C:\Users\elang\Downloads\animals\Indian Animals\Indian Cow\000010.jpg,Indian Animals\Indian Cow\000010.jpg,000010.jpg,Indian Cow,1,1500,1147,3,1.3078,2019653,85104667bae3a16fe4c73774af7077c30460ac1ef2d4cbcf577ccc91da0ee52c,False,False,False
C:\Users\elang\Downloads\animals\Indian Animals\Indian Cow\000011.jpeg,Indian Animals\Indian Cow\000011.jpeg,000011.jpeg,Indian Cow,1,3994,5431,3,0.7354,1387868,f30b62f371368f32c2059c8f46adc534843ad9c713a32a555c2f9ca156be8001,False,False,False
C:\Users\elang\Downloads\animals\Indian Animals\Indian Cow\000011.jpg,Indian Animals\Indian Cow\000011.jpg,000011.jpg,Indian Cow,1,1500,1098,3,1.3661,1830769,414e0fe312a97288cfe638960efb2acaa46637c8994cc89bd6100498b30f3898,False,False,False
C:\Users\elang\Downloads\animals\Indian Animals\Indian Cow\000012.jpeg,Indian Animals\Indian Cow\000012.jpeg,000012.jpeg,Indian Cow,1,3060,4080,3,0.75,1383904,aa071c27716dfa7e9442686d8acb963050113686f15261470d010e4c0ae27dc3,False,False,False
C:\Users\elang\Downloads\animals\Indian Animals\Indian Cow\000012.jpg,Indian Animals\Indian Cow\000012.jpg,000012.jpg,Indian Cow,1,390,280,3,1.3929,36125,e37d1bc429efd89f602f64d7392336839be639dd60df573a0248de66b262111f,False,False,False
C:\Users\elang\Downloads\animals\Indian Animals\Indian Cow\000013.jpg,Indian Animals\Indian Cow\000013.jpg,000013.jpg,Indian Cow,1,1244,700,3,1.7771,183040,acfb21f8ecd885862c2265dc6e8330e7011817e47f36e7e2256319dd4bb70c9c,False,False,False
C:\Users\elang\Downloads\animals\Indian Animals\Indian Cow\000014.jpg,Indian Animals\Indian Cow\000014.jpg,000014.jpg,Indian Cow,1,1135,700,3,1.6214,152445,bf44cc396260c687b49b8f656d9690c92954ad2823e61a7570e2ef065292b575,False,False,False
C:\Users\elang\Downloads\animals\Indian Animals\Indian Cow\000015.jpeg,Indian Animals\Indian Cow\000015.jpeg,000015.jpeg,Indian Cow,1,4920,3276,3,1.5018,1394561,361f23f64d7a57a523b1f485b375aa3b5692918fe5a1a6e3723e862fb3b64f6e,False,False,False
C:\Users\elang\Downloads\animals\Indian Animals\Indian Cow\000015.jpg,Indian Animals\Indian Cow\000015.jpg,000015.jpg,Indian Cow,1,1300,960,3,1.3542,173461,ceb4d5ff4480dc64067dcf1f9f8affe4f48443fbc7fa4b35b27c042ff2b73b67,False,False,False
C:\Users\elang\Downloads\animals\Indian Animals\Indian Cow\000016.jpeg,Indian Animals\Indian Cow\000016.jpeg,000016.jpeg,Indian Cow,1,6960,4640,3,1.5,1499411,96704bd8ac6509da2593f046ab089ab43789fe260715c91ab7f3a6b7b6e5f4ff,False,False,False
C:\Users\elang\Downloads\animals\Indian Animals\Indian Cow\000016.jpg,Indian Animals\Indian Cow\000016.jpg,000016.jpg,Indian Cow,1,1500,1101,3,1.3624,347156,f20a1c5732d8899e70eab0d0f82dedc33cac649bca13e795f02bfccb22ada802,False,False,False
C:\Users\elang\Downloads\animals\Indian Animals\Indian Cow\000017.jpeg,Indian Animals\Indian Cow\000017.jpeg,000017.jpeg,Indian Cow,1,4813,3452,3,1.3943,617217,8ec2475073150b20153c0b83f726141758a32e06f195ff53e10376128d94aced,False,False,False
C:\Users\elang\Downloads\animals\Indian Animals\Indian Cow\000017.jpg,Indian Animals\Indian Cow\000017.jpg,000017.jpg,Indian Cow,1,1600,1154,3,1.3865,157998,d02d9bba6e3df6c1673643a31f5e3ac52ae616dd9c1b58eea8a45c76f7db5a2b,False,False,False
C:\Users\elang\Downloads\animals\Indian Animals\Indian Cow\000018.jpg,Indian Animals\Indian Cow\000018.jpg,000018.jpg,Indian Cow,1,1500,1101,3,1.3624,191985,753e418f0888cf187ef0f038288c79e43d0ece975052fa680a97fb9199198c4d,False,False,False
C:\Users\elang\Downloads\animals\Indian Animals\Indian Cow\000019.jpg,Indian Animals\Indian Cow\000019.jpg,000019.jpg,Indian Cow,1,1296,700,3,1.8514,43737,f872b54a2dc5c7a7b072b6e12ad83e9d15e2d2de48c2ccaae466f6ca69ecec01,False,False,False
C:\Users\elang\Downloads\animals\Indian Animals\Indian Cow\000020.jpg,Indian Animals\Indian Cow\000020.jpg,000020.jpg,Indian Cow,1,300,300,3,1.0,19141,a8f3fcd6958822184992b6911a1199da4bafb517e150dff5a8f20333a89a13b5,False,False,False
C:\Users\elang\Downloads\animals\Indian Animals\Indian Cow\000021.jpg,Indian Animals\Indian Cow\000021.jpg,000021.jpg,Indian Cow,1,866,1390,3,0.623,135737,79d188f641bdcdaea7834cff9abb779e81d65417a223bfa494f52c0019114557,False,False,False
C:\Users\elang\Downloads\animals\Indian Animals\Indian Cow\000023.jpg,Indian Animals\Indian Cow\000023.jpg,000023.jpg,Indian Cow,1,1280,720,3,1.7778,183980,6b7f57466f122576383acdc63cb3784e12de12e669112aae641970af0ad6fa3e,False,False,False
C:\Users\elang\Downloads\animals\Indian Animals\Indian Cow\000024.jpeg,Indian Animals\Indian Cow\000024.jpeg,000024.jpeg,Indian Cow,1,2993,4000,3,0.7482,1802009,801aa5ba820cb0e305bf5aa47d27090a8f48cad38cb5bbccc46e975113eeeece,False,False,False
C:\Users\elang\Downloads\animals\Indian Animals\Indian Cow\000024.jpg,Indian Animals\Indian Cow\000024.jpg,000024.jpg,Indian Cow,1,1600,1167,3,1.371,270618,c3934833c33a2aaf4aeb9138c14bc7af784a8da3bc6283840e107b8dfb106aaa,False,False,False
C:\Users\elang\Downloads\animals\Indian Animals\Indian Cow\000025.jpeg,Indian Animals\Indian Cow\000025.jpeg,000025.jpeg,Indian Cow,1,3840,5760,3,0.6667,1745511,9292a1a42c316ebedff4b3d62568d35d8554c0100a3ddaef4dc552d8d5559010,False,False,False
C:\Users\elang\Downloads\animals\Indian Animals\Indian Cow\000025.jpg,Indian Animals\Indian Cow\000025.jpg,000025.jpg,Indian Cow,1,1600,1157,3,1.3829,382370,24f6a2680e9c79fdee2bbd43ae444b62c7639f0c6061889ea5172c3d3a640dd8,False,False,False
C:\Users\elang\Downloads\animals\Indian Animals\Indian Cow\000026.jpg,Indian Animals\Indian Cow\000026.jpg,000026.jpg,Indian Cow,1,1500,1600,3,0.9375,327421,99e1a8660066c933bb7b1108700a52678faeecbbe6fe06a7660f05985df2d543,False,False,False
C:\Users\elang\Downloads\animals\Indian Animals\Indian Cow\000027.jpg,Indian Animals\Indian Cow\000027.jpg,000027.jpg,Indian Cow,1,1300,956,3,1.3598,201161,00b7a75bd0499de4fa7134f97cac212f00400c0e27249faff7401047d959bac8,False,False,False
C:\Users\elang\Downloads\animals\Indian Animals\Indian Cow\000028.jpg,Indian Animals\Indian Cow\000028.jpg,000028.jpg,Indian Cow,1,866,1390,3,0.623,164219,ae29ec9b1afb3ce36d7bcd78ebbc6ad4247da50cd1d0424d228dc92e664d24ce,False,False,False
C:\Users\elang\Downloads\animals\Indian Animals\Indian Cow\000029.jpg,Indian Animals\Indian Cow\000029.jpg,000029.jpg,Indian Cow,1,1300,956,3,1.3598,193652,a0d2978aafe23529db09075cdfbfd9d5fb29af7adb62452e7933267cb3262bca,False,False,False
C:\Users\elang\Downloads\animals\Indian Animals\Indian Cow\000030.jpg,Indian Animals\Indian Cow\000030.jpg,000030.jpg,Indian Cow,1,866,1390,3,0.623,254952,4181150bc40db69c61c2f0bf415e9fc2e789f44e7e1248ec2da06f994a8c173b,False,False,False
C:\Users\elang\Downloads\animals\Indian Animals\Indian Cow\000031.jpeg,Indian Animals\Indian Cow\000031.jpeg,000031.jpeg,Indian Cow,1,8191,5464,3,1.4991,4473394,06d9ed3704c84cc26484c8d1e0c8128e1385097c94c1b0bae72386a48e1a828f,False,False,False
C:\Users\elang\Downloads\animals\Indian Animals\Indian Cow\000031.jpg,Indian Animals\Indian Cow\000031.jpg,000031.jpg,Indian Cow,1,640,427,3,1.4988,72673,b79039d7c2743d745668a4a72a13b1c1e2f26b6f8d77fd250c45215900fce097,False,False,False
C:\Users\elang\Downloads\animals\Indian Animals\Indian Cow\000033.jpg,Indian Animals\Indian Cow\000033.jpg,000033.jpg,Indian Cow,1,1715,980,3,1.75,111493,352269c380bf4ceb94569e147b9bce3a71568eeb86c62e08a3ba195faf8a71b6,False,False,False
C:\Users\elang\Downloads\animals\Indian Animals\Indian Cow\000034.jpg,Indian Animals\Indian Cow\000034.jpg,000034.jpg,Indian Cow,1,626,626,3,1.0,125508,5eab7b8e1e79aa97ba67f3d8e3b8ab3812b5429a2bbbaa0b3e13b2a46c00cb1a,False,False,False
C:\Users\elang\Downloads\animals\Indian Animals\Indian Cow\000035.jpeg,Indian Animals\Indian Cow\000035.jpeg,000035.jpeg,Indian Cow,1,8191,5464,3,1.4991,4473394,06d9ed3704c84cc26484c8d1e0c8128e1385097c94c1b0bae72386a48e1a828f,False,False,False
C:\Users\elang\Downloads\animals\Indian Animals\Indian Cow\000035.jpg,Indian Animals\Indian Cow\000035.jpg,000035.jpg,Indian Cow,1,1500,1225,3,1.2245,1902805,7bd28d9f2a2ba59c9ebea8c2a4e338eb9d957d790169be760db5ec40cae34817,False,False,False
C:\Users\elang\Downloads\animals\Indian Animals\Indian Cow\000036.jpg,Indian Animals\Indian Cow\000036.jpg,000036.jpg,Indian Cow,1,500,500,3,1.0,32911,16fc87950fafa6c124de372b1d740b40d2e943ad2905a2b2234bfa3f706b2cfa,False,False,False
C:\Users\elang\Downloads\animals\Indian Animals\Indian Cow\000038.jpg,Indian Animals\Indian Cow\000038.jpg,000038.jpg,Indian Cow,1,1500,1101,3,1.3624,1547334,a2fbcac507991db73d112a3b5a75848c43b22a395992c23214969d011a7ef5b3,False,False,False
C:\Users\elang\Downloads\animals\Indian Animals\Indian Cow\000039.jpg,Indian Animals\Indian Cow\000039.jpg,000039.jpg,Indian Cow,1,1280,720,3,1.7778,73270,3264a90234a108dbedf83fecd9c43a120a7bdc3ed0d6949f1179b0051c6330d5,False,False,False
C:\Users\elang\Downloads\animals\Indian Animals\Indian Cow\000040.jpg,Indian Animals\Indian Cow\000040.jpg,000040.jpg,Indian Cow,1,1200,900,3,1.3333,199006,bb262862c30c9c761babf058810d56088542374d36605945dad2ac1857bda689,False,False,False
C:\Users\elang\Downloads\animals\Indian Animals\Indian Cow\000041.jpg,Indian Animals\Indian Cow\000041.jpg,000041.jpg,Indian Cow,1,1280,720,3,1.7778,143346,59e09c8d65b6e091c3b27f835b0fd3828e2273a7e2885b0bacf383f5fd1b69c0,False,False,False
C:\Users\elang\Downloads\animals\Indian Animals\Indian Cow\000042.jpg,Indian Animals\Indian Cow\000042.jpg,000042.jpg,Indian Cow,1,1280,960,3,1.3333,235618,a2cba0f665297fff0d66f5213452e41c934fd37ed556ae5bf0d3864e28a2ecef,False,False,False
C:\Users\elang\Downloads\animals\Indian Animals\Indian Cow\000043.jpg,Indian Animals\Indian Cow\000043.jpg,000043.jpg,Indian Cow,1,347,280,3,1.2393,40153,571c73f4c4114e29fcb4510242d5d2c9bb2db8ed7d9f95b63f86d23a05c536c3,False,False,False
C:\Users\elang\Downloads\animals\Indian Animals\Indian Cow\000044.jpg,Indian Animals\Indian Cow\000044.jpg,000044.jpg,Indian Cow,1,1280,960,3,1.3333,344972,635c3fef07d9f169f8d4c66abc5fe7c4d2bc0e877cf699709f2a6bf898bf573b,False,False,False
C:\Users\elang\Downloads\animals\Indian Animals\Indian Cow\000045.jpeg,Indian Animals\Indian Cow\000045.jpeg,000045.jpeg,Indian Cow,1,6000,4000,3,1.5,823458,2c18a505a2e13b877d21c2fcc3d95c0487bf59425925e9b8ae1e675b98f2d1fa,False,False,False
C:\Users\elang\Downloads\animals\Indian Animals\Indian Cow\000045.jpg,Indian Animals\Indian Cow\000045.jpg,000045.jpg,Indian Cow,1,608,432,3,1.4074,45013,9ea023b33d3899df42aa8b361270c8450a7d1306a421f89c4080e83396585fad,False,False,False
C:\Users\elang\Downloads\animals\Indian Animals\Indian Cow\000046.jpeg,Indian Animals\Indian Cow\000046.jpeg,000046.jpeg,Indian Cow,1,4000,1800,3,2.2222,1023891,3f3ebc0a9ccf33d24a708a7433ac9cd9fc04cb6d7501aa1e5586813572122e6a,False,False,False
C:\Users\elang\Downloads\animals\Indian Animals\Indian Cow\000046.jpg,Indian Animals\Indian Cow\000046.jpg,000046.jpg,Indian Cow,1,1280,720,3,1.7778,183980,6b7f57466f122576383acdc63cb3784e12de12e669112aae641970af0ad6fa3e,False,False,False
C:\Users\elang\Downloads\animals\Indian Animals\Indian Cow\000047.jpeg,Indian Animals\Indian Cow\000047.jpeg,000047.jpeg,Indian Cow,1,3000,2348,3,1.2777,1110563,a3c34ad4e40045e725b946c089bedf90b1603546ef23debb43720677ff47aa1a,False,False,False
C:\Users\elang\Downloads\animals\Indian Animals\Indian Cow\000048.jpeg,Indian Animals\Indian Cow\000048.jpeg,000048.jpeg,Indian Cow,1,4000,6000,3,0.6667,1112891,10db40f0afb58fb29dcb85ca2d14b032003923688db54bb2625330dd4fcb799d,False,False,False
C:\Users\elang\Downloads\animals\Indian Animals\Indian Cow\000048.jpg,Indian Animals\Indian Cow\000048.jpg,000048.jpg,Indian Cow,1,750,500,3,1.5,389949,8cc5feab7e5ba3ed0558b318c813152f7e1f92b59457544c3c796e541aef4dc6,False,False,False
C:\Users\elang\Downloads\animals\Indian Animals\Indian Cow\000050.jpg,Indian Animals\Indian Cow\000050.jpg,000050.jpg,Indian Cow,1,1024,683,3,1.4993,109612,aab0cb7d37db1abe166093770a0f2f38b62b78e26cba5d2c6cc7eab02769c3d8,False,False,False
C:\Users\elang\Downloads\animals\Indian Animals\Indian Cow\images.jpg,Indian Animals\Indian Cow\images.jpg,images.jpg,Indian Cow,1,266,190,3,1.4,9594,d43b85ef058f5dbe63f18206a43553e4c87571913b8683a89a62f1aab9a29348,False,False,False
C:\Users\elang\Downloads\animals\Indian Animals\Indian Dog\000001.jpg,Indian Animals\Indian Dog\000001.jpg,000001.jpg,Indian Dog,2,800,601,3,1.3311,160556,5443dbf3fcc79d3200a1cfdc7b6675070d96269067168c502d692b7cb272435e,False,False,False
C:\Users\elang\Downloads\animals\Indian Animals\Indian Dog\000002.jpg,Indian Animals\Indian Dog\000002.jpg,000002.jpg,Indian Dog,2,1024,753,3,1.3599,354299,1ed9558a57b2b6e34bff8c8e62885065f2eebd7635d20a882ec524e3ec6443d1,False,False,False
C:\Users\elang\Downloads\animals\Indian Animals\Indian Dog\000003.jpg,Indian Animals\Indian Dog\000003.jpg,000003.jpg,Indian Dog,2,768,512,3,1.5,74248,4be05dd61f4a1169c4b844b6f269a959de3a1e8f6a7b502260066a0b62464bee,False,False,False
C:\Users\elang\Downloads\animals\Indian Animals\Indian Dog\000004.jpg,Indian Animals\Indian Dog\000004.jpg,000004.jpg,Indian Dog,2,1280,720,3,1.7778,134290,dee1d8b3bd130f243edd1663ed9baaa97d96e6954965f90c0308c911ce85a781,False,False,False
C:\Users\elang\Downloads\animals\Indian Animals\Indian Dog\000005.jpg,Indian Animals\Indian Dog\000005.jpg,000005.jpg,Indian Dog,2,1024,631,3,1.6228,69581,afef351413395bf0e64afc4c73414c7f79e9ac101953571d7700cfc19c6b5ea7,False,False,False
C:\Users\elang\Downloads\animals\Indian Animals\Indian Dog\000006.jpg,Indian Animals\Indian Dog\000006.jpg,000006.jpg,Indian Dog,2,600,399,3,1.5038,35048,8d299499b22f05131cc404f7368595acb6158f069eaac38290a03f22a00c6e73,False,False,False
C:\Users\elang\Downloads\animals\Indian Animals\Indian Dog\000007.jpg,Indian Animals\Indian Dog\000007.jpg,000007.jpg,Indian Dog,2,1600,1005,3,1.592,252317,4ce3313c1009c69e597c34e199bc2bda46b8bde7ef996428efdea51f81706659,False,False,False
C:\Users\elang\Downloads\animals\Indian Animals\Indian Dog\000008.jpg,Indian Animals\Indian Dog\000008.jpg,000008.jpg,Indian Dog,2,1066,800,3,1.3325,423753,5503ddddc5fef9167e53995a4cba5a60e2c3e7ed3c3d267958292289869f0053,False,False,False
C:\Users\elang\Downloads\animals\Indian Animals\Indian Dog\000009.jpg,Indian Animals\Indian Dog\000009.jpg,000009.jpg,Indian Dog,2,1024,973,3,1.0524,143980,c4c317914805257d1beba69ffe36e2389d615c85e78ca65f3b596c37cc2beb86,False,False,False
C:\Users\elang\Downloads\animals\Indian Animals\Indian Dog\000013.jpg,Indian Animals\Indian Dog\000013.jpg,000013.jpg,Indian Dog,2,800,533,3,1.5009,78086,83cb0e564d92adad57c3b0c1ea90ba02563a6bfe1a169aa34591c29afcb31ae1,False,False,False
C:\Users\elang\Downloads\animals\Indian Animals\Indian Dog\000014.jpg,Indian Animals\Indian Dog\000014.jpg,000014.jpg,Indian Dog,2,626,417,3,1.5012,60732,ebe9823b9705f20f069568534d2029c7abfaae76f01a5b95e6b63705bfc89df8,False,False,False
C:\Users\elang\Downloads\animals\Indian Animals\Indian Dog\000015.jpg,Indian Animals\Indian Dog\000015.jpg,000015.jpg,Indian Dog,2,1079,1071,3,1.0075,61992,903940f70b1ae257a5cd02ed4042ec7ea21887a8b49e55ceff345382a41ab879,False,False,False
C:\Users\elang\Downloads\animals\Indian Animals\Indian Dog\000016.jpg,Indian Animals\Indian Dog\000016.jpg,000016.jpg,Indian Dog,2,756,1008,3,0.75,158258,89d2450775f8f26210fa72ebe69f45cc0c25496f591b5426a56c2533e5767c34,False,False,False
C:\Users\elang\Downloads\animals\Indian Animals\Indian Dog\000017.jpg,Indian Animals\Indian Dog\000017.jpg,000017.jpg,Indian Dog,2,1500,1096,3,1.3686,1853037,96cd9d8f5bac40ab57ed0156266b3847690ddc95d077ee113750c0ca4ac789c2,False,False,False
C:\Users\elang\Downloads\animals\Indian Animals\Indian Dog\000018.jpg,Indian Animals\Indian Dog\000018.jpg,000018.jpg,Indian Dog,2,1300,956,3,1.3598,178994,4b1a0ebe4b7585561776b62b4208eb68de33f21d3a4c6dfb44af8730423855b8,False,False,False
C:\Users\elang\Downloads\animals\Indian Animals\Indian Dog\000019.jpg,Indian Animals\Indian Dog\000019.jpg,000019.jpg,Indian Dog,2,1600,1180,3,1.3559,88433,fb6813f381a60b7ce9369bfb6888109c034a8303539203347648a99d35452efe,False,False,False
C:\Users\elang\Downloads\animals\Indian Animals\Indian Dog\000020.jpg,Indian Animals\Indian Dog\000020.jpg,000020.jpg,Indian Dog,2,768,1152,3,0.6667,140705,ef60d752e565c0046ec10687e8746191b0b0e93da6cc0f1bbb3af98d33cf428b,False,False,False
C:\Users\elang\Downloads\animals\Indian Animals\Indian Dog\000021.jpg,Indian Animals\Indian Dog\000021.jpg,000021.jpg,Indian Dog,2,600,900,3,0.6667,55993,230cf243567645ae4da2417e43f37674d4ab3c107a4ee3ee56f04d9e1682f8a2,False,False,False
C:\Users\elang\Downloads\animals\Indian Animals\Indian Dog\000022.jpg,Indian Animals\Indian Dog\000022.jpg,000022.jpg,Indian Dog,2,1300,1018,3,1.277,101957,daf9f82f187e08d8de05cf923cb3601e70b85f3434b3692c9101709c9538584b,False,False,False
C:\Users\elang\Downloads\animals\Indian Animals\Indian Dog\000023.jpg,Indian Animals\Indian Dog\000023.jpg,000023.jpg,Indian Dog,2,1280,720,3,1.7778,107212,1c2cd7177dedb372b1f4af5c6df5c1de412446ac5a16362fdcd382d0ac97dae1,False,False,False
C:\Users\elang\Downloads\animals\Indian Animals\Indian Dog\000024.jpg,Indian Animals\Indian Dog\000024.jpg,000024.jpg,Indian Dog,2,1500,1101,3,1.3624,2066577,c772b61ff3c7a061a22071bf9c32ccd4a6a3765516cda66aa52e4bd81e5b6178,False,False,False
C:\Users\elang\Downloads\animals\Indian Animals\Indian Dog\000026.jpg,Indian Animals\Indian Dog\000026.jpg,000026.jpg,Indian Dog,2,1300,1065,3,1.2207,108359,6d2c2af1dd48748167303a598f00afa92c8a7e26152f6ef7ab22bdd1712634d9,False,False,False
C:\Users\elang\Downloads\animals\Indian Animals\Indian Dog\000027.jpg,Indian Animals\Indian Dog\000027.jpg,000027.jpg,Indian Dog,2,800,800,3,1.0,352409,e8f73e504d260db9b05b621278b867025c4367e9150d76f33d4221e0115ea1ba,False,False,False
C:\Users\elang\Downloads\animals\Indian Animals\Indian Dog\000028.jpg,Indian Animals\Indian Dog\000028.jpg,000028.jpg,Indian Dog,2,417,626,3,0.6661,56920,ba60a49046daf780afc321b09c01fc4702a7fb07ab779e308d7b8cc03955e1ef,False,False,False
C:\Users\elang\Downloads\animals\Indian Animals\Indian Dog\000029.jpg,Indian Animals\Indian Dog\000029.jpg,000029.jpg,Indian Dog,2,800,800,3,1.0,437836,276b99282d8bf1e5bd0dad63771668281da6ce71eab6aba0280d807cadb166fd,False,False,False
C:\Users\elang\Downloads\animals\Indian Animals\Indian Dog\000030.jpg,Indian Animals\Indian Dog\000030.jpg,000030.jpg,Indian Dog,2,1300,1065,3,1.2207,100736,834441f25869fee7c408cbae4fc2e63668735a35a797f8425ec146f8c3585745,False,False,False
C:\Users\elang\Downloads\animals\Indian Animals\Indian Dog\000031.jpg,Indian Animals\Indian Dog\000031.jpg,000031.jpg,Indian Dog,2,1300,1065,3,1.2207,83929,80dc3520da43368f3931397301a90cd7feb28aad27aa89d6eff5d044a1d7992e,False,False,False
C:\Users\elang\Downloads\animals\Indian Animals\Indian Dog\000032.jpeg,Indian Animals\Indian Dog\000032.jpeg,000032.jpeg,Indian Dog,2,3799,5700,3,0.6665,1605650,494b2b6d72962f0e89f5fa2a72135603d83d817b8404d981d11b10989fd974cc,False,False,False
C:\Users\elang\Downloads\animals\Indian Animals\Indian Dog\000032.jpg,Indian Animals\Indian Dog\000032.jpg,000032.jpg,Indian Dog,2,1248,650,3,1.92,54367,7250f04853a0ffebb7d8eea27482a4063d31a58ac11eda99bdc691819c8fc707,False,False,False
C:\Users\elang\Downloads\animals\Indian Animals\Indian Dog\000033.jpg,Indian Animals\Indian Dog\000033.jpg,000033.jpg,Indian Dog,2,618,960,3,0.6438,136728,f18da8bceb361574edeaa8dc3aca8d4ba47275a6bd244d9c15d9454f41755c92,False,False,False
C:\Users\elang\Downloads\animals\Indian Animals\Indian Dog\000034.jpg,Indian Animals\Indian Dog\000034.jpg,000034.jpg,Indian Dog,2,720,960,3,0.75,123186,ca1f2f2cf9c611fb7cc0ca2329a642bfbddccdb6f546f0cd301139c5d734e9a9,False,False,False
C:\Users\elang\Downloads\animals\Indian Animals\Indian Dog\000035.jpg,Indian Animals\Indian Dog\000035.jpg,000035.jpg,Indian Dog,2,523,960,3,0.5448,106790,3a0cf9a11d39b7f2958b037345aff5012db8183c54f6aa6e6bc5a3450fed038f,False,False,False
C:\Users\elang\Downloads\animals\Indian Animals\Indian Dog\000036.jpg,Indian Animals\Indian Dog\000036.jpg,000036.jpg,Indian Dog,2,544,959,3,0.5673,80480,fbee5cc7be759b83fc04023f07af4738c17ee7afc56897502362465b8b013170,False,False,False
C:\Users\elang\Downloads\animals\Indian Animals\Indian Dog\000037.jpg,Indian Animals\Indian Dog\000037.jpg,000037.jpg,Indian Dog,2,910,480,3,1.8958,69253,e5462f90f7d5f0393fd0d2b6a847d270d1ea5345745d2fa6b8fca312270216c2,False,False,False
C:\Users\elang\Downloads\animals\Indian Animals\Indian Dog\000038.jpg,Indian Animals\Indian Dog\000038.jpg,000038.jpg,Indian Dog,2,910,480,3,1.8958,55753,b9fdb56e72ad119a51f6ec49cc7d2935b2b5b61c858683bfe88af6d3d2615f9d,False,False,False
C:\Users\elang\Downloads\animals\Indian Animals\Indian Dog\000039.jpg,Indian Animals\Indian Dog\000039.jpg,000039.jpg,Indian Dog,2,1600,1066,3,1.5009,184724,0916a3f51c8573bdcd966d8385ea9b93216ee92c63b1b9895e797cf85cf90d21,False,False,False
C:\Users\elang\Downloads\animals\Indian Animals\Indian Dog\000040.jpg,Indian Animals\Indian Dog\000040.jpg,000040.jpg,Indian Dog,2,2048,1365,3,1.5004,976477,dc0d9e063ce28a12aeb0262d29a9fd13558f197dc0a6440299718e844c95daca,False,False,False
C:\Users\elang\Downloads\animals\Indian Animals\Indian Dog\000041.jpg,Indian Animals\Indian Dog\000041.jpg,000041.jpg,Indian Dog,2,1152,768,3,1.5,139491,7802428cf646a4115fd13258a8c099e0cddd30f19c55517879e8351cbebf97e0,False,False,False
C:\Users\elang\Downloads\animals\Indian Animals\Indian Dog\000042.jpg,Indian Animals\Indian Dog\000042.jpg,000042.jpg,Indian Dog,2,1069,580,3,1.8431,89374,f5e1c8bb2b07ff347fc6b792ca4be80ded8f1b3ce49cdc9497e277a782fc1809,False,False,False
C:\Users\elang\Downloads\animals\Indian Animals\Indian Dog\000043.jpg,Indian Animals\Indian Dog\000043.jpg,000043.jpg,Indian Dog,2,866,1390,3,0.623,128593,c0e767b9ef185da8c62f94f32c320e0ea1a11278d278a59d5da3c83e09a109a6,False,False,False
C:\Users\elang\Downloads\animals\Indian Animals\Indian Dog\000044.jpg,Indian Animals\Indian Dog\000044.jpg,000044.jpg,Indian Dog,2,1300,1390,3,0.9353,220761,4597ef65acb81e7b93b6d1da0a4f5eafadfe226cb235cbde6a7de384407726b6,False,False,False
C:\Users\elang\Downloads\animals\Indian Animals\Indian Dog\000046.jpg,Indian Animals\Indian Dog\000046.jpg,000046.jpg,Indian Dog,2,3072,2048,3,1.5,1159542,267aeede61f50c4692f223c96fbba06154a00663abb5061c6b0fa7da7f27f558,False,False,False
C:\Users\elang\Downloads\animals\Indian Animals\Indian Dog\000047.jpg,Indian Animals\Indian Dog\000047.jpg,000047.jpg,Indian Dog,2,800,800,3,1.0,352409,e8f73e504d260db9b05b621278b867025c4367e9150d76f33d4221e0115ea1ba,False,False,False
C:\Users\elang\Downloads\animals\Indian Animals\Indian Dog\000048.jpg,Indian Animals\Indian Dog\000048.jpg,000048.jpg,Indian Dog,2,800,800,3,1.0,437836,276b99282d8bf1e5bd0dad63771668281da6ce71eab6aba0280d807cadb166fd,False,False,False
C:\Users\elang\Downloads\animals\Indian Animals\Indian Dog\000049.jpg,Indian Animals\Indian Dog\000049.jpg,000049.jpg,Indian Dog,2,1024,683,3,1.4993,65912,f357f6ede415439201d0dd5e2a511502746a7dd8c99cf73eb9cd8972268e8013,False,False,False
C:\Users\elang\Downloads\animals\Indian Animals\Indian Dog\000050.jpg,Indian Animals\Indian Dog\000050.jpg,000050.jpg,Indian Dog,2,1300,1065,3,1.2207,100736,834441f25869fee7c408cbae4fc2e63668735a35a797f8425ec146f8c3585745,False,False,False
C:\Users\elang\Downloads\animals\Indian Animals\Indian Macaque\000001.jpg,Indian Animals\Indian Macaque\000001.jpg,000001.jpg,Indian Macaque,3,1600,1150,3,1.3913,176343,41d6f49f063a96b61e4056838405a88738deefd4657309ba9005291a84506f56,False,False,False
C:\Users\elang\Downloads\animals\Indian Animals\Indian Macaque\000002.jpg,Indian Animals\Indian Macaque\000002.jpg,000002.jpg,Indian Macaque,3,1300,953,3,1.3641,139273,6d54233ce17c8b8a00b0c879968108c07c490f822ac3d0bef71614b8ecacf16d,False,False,False
C:\Users\elang\Downloads\animals\Indian Animals\Indian Macaque\000003.jpg,Indian Animals\Indian Macaque\000003.jpg,000003.jpg,Indian Macaque,3,1024,705,3,1.4525,104027,c9744877895f227e38dd9956feb592073d5816d8ddeb67301df8541e75e34645,False,False,False
C:\Users\elang\Downloads\animals\Indian Animals\Indian Macaque\000004.jpg,Indian Animals\Indian Macaque\000004.jpg,000004.jpg,Indian Macaque,3,1033,980,3,1.0541,151444,f36c5d7ba967e8cb3b1c9a01989deecf493e93886c9a122d6bab9474dbf3e247,False,False,False
C:\Users\elang\Downloads\animals\Indian Animals\Indian Macaque\000005.jpg,Indian Animals\Indian Macaque\000005.jpg,000005.jpg,Indian Macaque,3,1500,1101,3,1.3624,1695157,8408bf7ecc06dc0b17d9f459744e13ace4b4a76dde212a534238f7a6a2548048,False,False,False
C:\Users\elang\Downloads\animals\Indian Animals\Indian Macaque\000006.jpg,Indian Animals\Indian Macaque\000006.jpg,000006.jpg,Indian Macaque,3,525,145,3,3.6207,14916,aab4474295cda2125a49adde9cdd020cec1b050747141e0c3d5135a589b95996,False,False,False
C:\Users\elang\Downloads\animals\Indian Animals\Indian Macaque\000007.jpg,Indian Animals\Indian Macaque\000007.jpg,000007.jpg,Indian Macaque,3,600,400,3,1.5,43828,cf9a7b5a6abfb91c6d2549472bb954562dfe065e5e0d2846dcfe35c34d98cad9,False,False,False
C:\Users\elang\Downloads\animals\Indian Animals\Indian Macaque\000008.jpg,Indian Animals\Indian Macaque\000008.jpg,000008.jpg,Indian Macaque,3,922,1536,3,0.6003,223479,ec87d42b5e8f37517a4d200e0f68d4f3c55b844f3cd973361e06701662775153,False,False,False
C:\Users\elang\Downloads\animals\Indian Animals\Indian Macaque\000009.jpg,Indian Animals\Indian Macaque\000009.jpg,000009.jpg,Indian Macaque,3,737,900,3,0.8189,53265,21cdf14ca4b2ca827db2d73b86b16d808a85c7dfb19b2518ff908843c11ff5d4,False,False,False
C:\Users\elang\Downloads\animals\Indian Animals\Indian Macaque\000010.jpg,Indian Animals\Indian Macaque\000010.jpg,000010.jpg,Indian Macaque,3,1300,956,3,1.3598,149251,6910831af6a005dc5bfab43b7942f1db08930313e5144993b1eedacb83dbd66b,False,False,False
C:\Users\elang\Downloads\animals\Indian Animals\Indian Macaque\000011.jpg,Indian Animals\Indian Macaque\000011.jpg,000011.jpg,Indian Macaque,3,800,570,3,1.4035,79617,6f64217f68a1bd348638766978de4f304d8d40fce68d22dba84d405a5ef90f05,False,False,False
C:\Users\elang\Downloads\animals\Indian Animals\Indian Macaque\000012.jpg,Indian Animals\Indian Macaque\000012.jpg,000012.jpg,Indian Macaque,3,863,1390,3,0.6209,193767,8c61e47e3787c4da18b57aeb7bb09d58ee0187633b3efe6d8ee1b407b2d1d885,False,False,False
C:\Users\elang\Downloads\animals\Indian Animals\Indian Macaque\000013.jpg,Indian Animals\Indian Macaque\000013.jpg,000013.jpg,Indian Macaque,3,486,280,3,1.7357,38067,4a76b861839701fc5205b862478ab69aa1fe2d972d88ab11b737fcf5bec6bab3,False,False,False
C:\Users\elang\Downloads\animals\Indian Animals\Indian Macaque\000014.jpg,Indian Animals\Indian Macaque\000014.jpg,000014.jpg,Indian Macaque,3,1300,960,3,1.3542,150186,86227c83cf7dc3a79ac6003e25485fa2a10fb9468dfa2d8caba07fff9269d5db,False,False,False
C:\Users\elang\Downloads\animals\Indian Animals\Indian Macaque\000015.jpg,Indian Animals\Indian Macaque\000015.jpg,000015.jpg,Indian Macaque,3,391,280,3,1.3964,24014,68299b304c5b41570b2610496ae983a0b14f6946042faec9b0c276e955a95bd6,False,False,False
C:\Users\elang\Downloads\animals\Indian Animals\Indian Macaque\000016.jpg,Indian Animals\Indian Macaque\000016.jpg,000016.jpg,Indian Macaque,3,1300,956,3,1.3598,187492,8eeb5d9bff4eae69f7e97be01b0041395e9720efac537fd4cd07ce4b0f02a837,False,False,False
C:\Users\elang\Downloads\animals\Indian Animals\Indian Macaque\000017.jpg,Indian Animals\Indian Macaque\000017.jpg,000017.jpg,Indian Macaque,3,1600,1153,3,1.3877,130846,9024248bbb3315bc840a5e7932e78192234e23fe83a4689e3f98c0c50b9454a8,False,False,False
C:\Users\elang\Downloads\animals\Indian Animals\Indian Macaque\000018.jpg,Indian Animals\Indian Macaque\000018.jpg,000018.jpg,Indian Macaque,3,1600,1671,3,0.9575,263413,940a54ddca6928204c1c6e9d8a1e946177135ae45386acccf1d0983d8541c5d6,False,False,False
C:\Users\elang\Downloads\animals\Indian Animals\Indian Macaque\000019.jpg,Indian Animals\Indian Macaque\000019.jpg,000019.jpg,Indian Macaque,3,626,434,3,1.4424,71339,190424cc067824074ac02d2a673cc3b7de0dbaa6fe39628ba71685b796e23a2e,False,False,False
C:\Users\elang\Downloads\animals\Indian Animals\Indian Macaque\000020.jpg,Indian Animals\Indian Macaque\000020.jpg,000020.jpg,Indian Macaque,3,626,405,3,1.5457,98540,a639bd958b55592b558a01d99dcac04bcfd9b48f19b7877a3336069385528ab0,False,False,False
C:\Users\elang\Downloads\animals\Indian Animals\Indian Macaque\000021.jpg,Indian Animals\Indian Macaque\000021.jpg,000021.jpg,Indian Macaque,3,1300,956,3,1.3598,99286,5ec4e40c11c93a29a1189c85f8b90a7c14c970ed32ed690cc034884abb4deb00,False,False,False
C:\Users\elang\Downloads\animals\Indian Animals\Indian Macaque\000022.jpg,Indian Animals\Indian Macaque\000022.jpg,000022.jpg,Indian Macaque,3,1300,956,3,1.3598,112096,325df863fb3c11d4305e38bc8ca3ec77a750655addfc97f4711464f9bbdc169c,False,False,False
C:\Users\elang\Downloads\animals\Indian Animals\Indian Macaque\000023.jpg,Indian Animals\Indian Macaque\000023.jpg,000023.jpg,Indian Macaque,3,626,417,3,1.5012,64094,8c14752fdc77acc7add9c2b6ec95c26dfef9e2b401aed62691f00af468908077,False,False,False
C:\Users\elang\Downloads\animals\Indian Animals\Indian Macaque\000024.jpg,Indian Animals\Indian Macaque\000024.jpg,000024.jpg,Indian Macaque,3,1300,956,3,1.3598,103741,1200e7aa1e10da8a5242126532ea80ea0cc048a82e929f311372ef4c45d7c5d8,False,False,False
C:\Users\elang\Downloads\animals\Indian Animals\Indian Macaque\000025.jpg,Indian Animals\Indian Macaque\000025.jpg,000025.jpg,Indian Macaque,3,1300,956,3,1.3598,104155,641a22c7c8f14baf3d28d4f4f75f8d958921641aa743595479ef4c5aee4f31e2,False,False,False
C:\Users\elang\Downloads\animals\Indian Animals\Indian Macaque\000026.jpg,Indian Animals\Indian Macaque\000026.jpg,000026.jpg,Indian Macaque,3,800,533,3,1.5009,47609,8d8a9180537d4e8ee1bfec854efcc3dc659639e9b5b796549fa9c6cdbcb0ce7d,False,False,False
C:\Users\elang\Downloads\animals\Indian Animals\Indian Macaque\000027.jpg,Indian Animals\Indian Macaque\000027.jpg,000027.jpg,Indian Macaque,3,1600,1229,3,1.3019,218089,b5149e6a6208ff42c06dbe5d8c49b61f0954370ec63d6ecaa6e4489bccafbd21,False,False,False
C:\Users\elang\Downloads\animals\Indian Animals\Indian Macaque\000028.jpg,Indian Animals\Indian Macaque\000028.jpg,000028.jpg,Indian Macaque,3,1600,1608,3,0.995,249132,4bbe3b10ae2350f9281eedff1df5590a5109c0a1b3b8ba62ec00d6f9855feeac,False,False,False
C:\Users\elang\Downloads\animals\Indian Animals\Indian Macaque\000029.jpg,Indian Animals\Indian Macaque\000029.jpg,000029.jpg,Indian Macaque,3,1600,1419,3,1.1276,244370,a560bed1cba7f6731643d8e0c7e24e71adacff1b22b005bd35a46056d9f52b59,False,False,False
C:\Users\elang\Downloads\animals\Indian Animals\Indian Macaque\000030.jpg,Indian Animals\Indian Macaque\000030.jpg,000030.jpg,Indian Macaque,3,1300,990,3,1.3131,130481,1807c14be1fb5620e68c1e73c01367fc44da295a8c61e7b98bcb1d677f05665c,False,False,False
C:\Users\elang\Downloads\animals\Indian Animals\Indian Macaque\000031.jpg,Indian Animals\Indian Macaque\000031.jpg,000031.jpg,Indian Macaque,3,1600,1157,3,1.3829,326969,73dc54d04dc52d2efa8f3935dbd0b8ab3aed4952fd887a590ffa5ecfa016f3fb,False,False,False
C:\Users\elang\Downloads\animals\Indian Animals\Indian Macaque\000032.jpg,Indian Animals\Indian Macaque\000032.jpg,000032.jpg,Indian Macaque,3,1600,1156,3,1.3841,195933,7c445ea0c6aba02d5b24a7d296d6f82ee42d9eb139cfd9641ab5a002968e6ee8,False,False,False
C:\Users\elang\Downloads\animals\Indian Animals\Indian Macaque\000033.jpg,Indian Animals\Indian Macaque\000033.jpg,000033.jpg,Indian Macaque,3,1600,1156,3,1.3841,167416,d49451d6c120d5785faa14edbd287c56e55e9c0c31dbf024d463caf690d38f50,False,False,False
C:\Users\elang\Downloads\animals\Indian Animals\Indian Macaque\000034.jpg,Indian Animals\Indian Macaque\000034.jpg,000034.jpg,Indian Macaque,3,1600,1157,3,1.3829,154609,f72069efd225081b3295706d94e6270d3055d38d6f667b5e51e3277de226b90e,False,False,False
C:\Users\elang\Downloads\animals\Indian Animals\Indian Macaque\000035.jpg,Indian Animals\Indian Macaque\000035.jpg,000035.jpg,Indian Macaque,3,1600,1157,3,1.3829,148927,a48237aa6ae23bff1f662cdd4a5883d86fa9d7e924a271008e700e9655719147,False,False,False
C:\Users\elang\Downloads\animals\Indian Animals\Indian Macaque\000036.jpg,Indian Animals\Indian Macaque\000036.jpg,000036.jpg,Indian Macaque,3,1600,1157,3,1.3829,191115,4cb1b28494dab785e8a77ae6ae6f8aa2cf141d561867f151195166dc18478e90,False,False,False
C:\Users\elang\Downloads\animals\Indian Animals\Indian Macaque\000037.jpg,Indian Animals\Indian Macaque\000037.jpg,000037.jpg,Indian Macaque,3,1600,1157,3,1.3829,333754,dc738fc251920bcdb8bb1a8e70a644f78ba48d99e9f390a1f7aa2a31dcc821f6,False,False,False
C:\Users\elang\Downloads\animals\Indian Animals\Indian Macaque\000038.jpg,Indian Animals\Indian Macaque\000038.jpg,000038.jpg,Indian Macaque,3,1600,1157,3,1.3829,118003,f2677d606292c6605ceef69043997b7e8e60eab22ddf82794048c0a361258fb4,False,False,False
C:\Users\elang\Downloads\animals\Indian Animals\Indian Macaque\000039.jpg,Indian Animals\Indian Macaque\000039.jpg,000039.jpg,Indian Macaque,3,1300,958,3,1.357,451151,216228faa496b0b7de9d2660b753a1eda5b2c2412e381f15df2cbbd6bd85f8a2,False,False,False
C:\Users\elang\Downloads\animals\Indian Animals\Indian Macaque\000040.jpg,Indian Animals\Indian Macaque\000040.jpg,000040.jpg,Indian Macaque,3,863,1390,3,0.6209,257788,c643ea0cb64e4ec55f5c4345e0063a9dc94f7f4424ccb2a07c5336df837c0a67,False,False,False
C:\Users\elang\Downloads\animals\Indian Animals\Indian Macaque\000041.jpg,Indian Animals\Indian Macaque\000041.jpg,000041.jpg,Indian Macaque,3,1300,956,3,1.3598,147627,f39d9c64e908832814b4bf1dde79cc8e45201c4730d7418a383e6a35a32eb245,False,False,False
C:\Users\elang\Downloads\animals\Indian Animals\Indian Macaque\000042.jpg,Indian Animals\Indian Macaque\000042.jpg,000042.jpg,Indian Macaque,3,600,900,3,0.6667,60954,aa7d07e31c753e06fa92726cdc1f8b0f769cdb2b3b69cade6f1e985d3f9e4931,False,False,False
C:\Users\elang\Downloads\animals\Indian Animals\Indian Macaque\000043.jpg,Indian Animals\Indian Macaque\000043.jpg,000043.jpg,Indian Macaque,3,800,533,3,1.5009,45901,1bf25f34329623f2d11c5bdbd9efb16a5e226e279f50205aa40fbd75cf74ba29,False,False,False
C:\Users\elang\Downloads\animals\Indian Animals\Indian Macaque\000044.jpg,Indian Animals\Indian Macaque\000044.jpg,000044.jpg,Indian Macaque,3,600,900,3,0.6667,111563,7c28e41791553b71628e663454d871f0a32a335dd370a6030ba7882c5572e9d4,False,False,False
C:\Users\elang\Downloads\animals\Indian Animals\Indian Macaque\000045.jpg,Indian Animals\Indian Macaque\000045.jpg,000045.jpg,Indian Macaque,3,1000,1000,3,1.0,365561,0f953fd1c99916be3c68702b3b3bf5b7dfdcec4fd43e033dbcbb3f9263945acf,False,False,False
C:\Users\elang\Downloads\animals\Indian Animals\Indian Macaque\000046.jpg,Indian Animals\Indian Macaque\000046.jpg,000046.jpg,Indian Macaque,3,1300,960,3,1.3542,376062,80f8953d9554c692d880d3b1b72391e6f7bd8c7996ae630a21220d87ec40b073,False,False,False
C:\Users\elang\Downloads\animals\Indian Animals\Indian Macaque\000047.jpg,Indian Animals\Indian Macaque\000047.jpg,000047.jpg,Indian Macaque,3,1300,913,3,1.4239,124947,99e7fd126ac1595dc848937346330398d2c8fa1f9925346cb51cfabbab3124e1,False,False,False
C:\Users\elang\Downloads\animals\Indian Animals\Indian Macaque\000048.jpg,Indian Animals\Indian Macaque\000048.jpg,000048.jpg,Indian Macaque,3,866,1390,3,0.623,240242,7da735776828dcca378da4690a01103bb4845dc897e470a29dd3d078fed6564a,False,False,False
C:\Users\elang\Downloads\animals\Indian Animals\Indian Macaque\000049.jpg,Indian Animals\Indian Macaque\000049.jpg,000049.jpg,Indian Macaque,3,2560,1706,3,1.5006,532989,f1305cb8a9a630c5bd60fbfab6a82f5837c43c8e820416558f43616614d15a2f,False,False,False
C:\Users\elang\Downloads\animals\Indian Animals\Indian Macaque\000050.jpg,Indian Animals\Indian Macaque\000050.jpg,000050.jpg,Indian Macaque,3,863,1390,3,0.6209,444863,7ad6e795d517c51a4105d2da3cd14bb5f38496356487f05780bfa2b0982381b9,False,False,False
C:\Users\elang\Downloads\animals\Indian Animals\Langur\000001.jpg,Indian Animals\Langur\000001.jpg,000001.jpg,Langur,4,1500,1101,3,1.3624,1628098,99d764f893308d6bcdc78687b5592a6889cb4ced879a538ad8baed65153e7d87,False,False,False
C:\Users\elang\Downloads\animals\Indian Animals\Langur\000002.jpg,Indian Animals\Langur\000002.jpg,000002.jpg,Langur,4,390,280,3,1.3929,25720,d5efd0436771568ec98378ea7d2c69dc1fd3eeb987a01ede8785bb9fc5824957,False,False,False
C:\Users\elang\Downloads\animals\Indian Animals\Langur\000003.jpg,Indian Animals\Langur\000003.jpg,000003.jpg,Langur,4,1067,1690,3,0.6314,237618,2d5971540fddad5e35e7f3333a2bcc2aaa6390e3a00d2ad623f86c7e13ff8f00,False,False,False
C:\Users\elang\Downloads\animals\Indian Animals\Langur\000004.jpg,Indian Animals\Langur\000004.jpg,000004.jpg,Langur,4,1300,956,3,1.3598,131908,ef919b1d0d067bf7c5348b7789e4105c07eccb4013b21fa130c2debbb1a9c4f3,False,False,False
C:\Users\elang\Downloads\animals\Indian Animals\Langur\000005.jpg,Indian Animals\Langur\000005.jpg,000005.jpg,Langur,4,957,1390,3,0.6885,105348,dfa77695ef3a0cfae2611e7ae17506069d7de22e4302141fbea831761300432c,False,False,False
C:\Users\elang\Downloads\animals\Indian Animals\Langur\000006.jpg,Indian Animals\Langur\000006.jpg,000006.jpg,Langur,4,800,534,3,1.4981,80772,35c7776f223912ae9ca93267ba9ebc66a6973483745872ea4bfbf75aca6d7fd2,False,False,False
C:\Users\elang\Downloads\animals\Indian Animals\Langur\000007.jpg,Indian Animals\Langur\000007.jpg,000007.jpg,Langur,4,866,1390,3,0.623,122108,57eee09e1fdd3e8dc75bff7c848669a2a2898f727391751384df7e91c59e0e3d,False,False,False
C:\Users\elang\Downloads\animals\Indian Animals\Langur\000008.jpg,Indian Animals\Langur\000008.jpg,000008.jpg,Langur,4,1000,667,3,1.4993,143361,9b6459809f21d39e4211821496ae1211c54563cee002646ded238c8e00d221c8,False,False,False
C:\Users\elang\Downloads\animals\Indian Animals\Langur\000009.jpg,Indian Animals\Langur\000009.jpg,000009.jpg,Langur,4,863,1390,3,0.6209,158361,7005245194e042c77d163650af7436887d3997ba52d7d8bd43344a46617a6926,False,False,False
C:\Users\elang\Downloads\animals\Indian Animals\Langur\000010.jpg,Indian Animals\Langur\000010.jpg,000010.jpg,Langur,4,1500,1600,3,0.9375,903100,a9f2dc2637107ea302810aa6226b4ba9b7b580cc0d462c4b29cd30424c02935d,False,False,False
C:\Users\elang\Downloads\animals\Indian Animals\Langur\000011.jpg,Indian Animals\Langur\000011.jpg,000011.jpg,Langur,4,626,388,3,1.6134,72885,ea29530b75e9a187b5aeb044199917e8a10a9fd66523ed059d020fe1fab1a248,False,False,False
C:\Users\elang\Downloads\animals\Indian Animals\Langur\000012.jpg,Indian Animals\Langur\000012.jpg,000012.jpg,Langur,4,1300,1111,3,1.1701,193761,bf6492093478be09539b7b5fc5cdc3b8ac641d9af2fed896a68650764cfe0f05,False,False,False
C:\Users\elang\Downloads\animals\Indian Animals\Langur\000013.jpg,Indian Animals\Langur\000013.jpg,000013.jpg,Langur,4,1594,1300,3,1.2262,570564,a4d5ec8aa060eb5888cb6f17bf5b43b043e62adcdb4a673b7f8c8f02092019e4,False,False,False
C:\Users\elang\Downloads\animals\Indian Animals\Langur\000014.jpg,Indian Animals\Langur\000014.jpg,000014.jpg,Langur,4,866,1390,3,0.623,222459,db052de5e0b658aef5c3b80eb203806fc62ba1626a5a1c48e720042d7cd8f6b7,False,False,False
C:\Users\elang\Downloads\animals\Indian Animals\Langur\000015.jpg,Indian Animals\Langur\000015.jpg,000015.jpg,Langur,4,863,1390,3,0.6209,209875,f037d81df84b781cd3ad9b40f9fcc2dbf44da12a8507072e97ed960808e7fa6f,False,False,False
C:\Users\elang\Downloads\animals\Indian Animals\Langur\000016.jpg,Indian Animals\Langur\000016.jpg,000016.jpg,Langur,4,1001,1600,3,0.6256,557375,0df19fe3fbb2f8ee8f4d44fa8276ab61e4ad6fd8870813d46e23414962773b1d,False,False,False
C:\Users\elang\Downloads\animals\Indian Animals\Langur\000017.jpg,Indian Animals\Langur\000017.jpg,000017.jpg,Langur,4,866,1390,3,0.623,127382,4280f06dce71b1d2b53ba9a3806a3a2325494713a42527cf299dd8cdb3beab74,False,False,False
C:\Users\elang\Downloads\animals\Indian Animals\Langur\000018.jpg,Indian Animals\Langur\000018.jpg,000018.jpg,Langur,4,1300,956,3,1.3598,122927,83ee32a0f7cf4d5da5aa33579bcc53d42e005f634e7cd59cd39d0149eb86e801,False,False,False
C:\Users\elang\Downloads\animals\Indian Animals\Langur\000019.jpg,Indian Animals\Langur\000019.jpg,000019.jpg,Langur,4,863,1390,3,0.6209,232385,ed01200abfe1a142f8b8386782b36ec5c6d94d5299be4687e50d57f888d9b86b,False,False,False
C:\Users\elang\Downloads\animals\Indian Animals\Langur\000020.jpg,Indian Animals\Langur\000020.jpg,000020.jpg,Langur,4,866,1390,3,0.623,129596,368ffd41eafbf690b034df9eec23caf65648ba5da83b4e96418f53dcb0110941,False,False,False
C:\Users\elang\Downloads\animals\Indian Animals\Langur\000021.jpg,Indian Animals\Langur\000021.jpg,000021.jpg,Langur,4,1300,953,3,1.3641,283786,5fb8527fe949324863c6e5ff3400eb6c0d098f1488abcad222f35e59b2c14bd6,False,False,False
C:\Users\elang\Downloads\animals\Indian Animals\Langur\000022.jpg,Indian Animals\Langur\000022.jpg,000022.jpg,Langur,4,1066,1690,3,0.6308,98283,e6708713408359f74684961fdd9690786bc57846cef36f63fe76b47e851a7a45,False,False,False
C:\Users\elang\Downloads\animals\Indian Animals\Langur\000023.jpg,Indian Animals\Langur\000023.jpg,000023.jpg,Langur,4,1300,956,3,1.3598,113809,23451fef66b3365caaaee54ae2c6c75eccb51084380774925eba8bd423c56922,False,False,False
C:\Users\elang\Downloads\animals\Indian Animals\Langur\000024.jpg,Indian Animals\Langur\000024.jpg,000024.jpg,Langur,4,1063,1690,3,0.629,180028,b2e3c1ce30c39921e28a1dfb338aee6f8782c067aa4753dd89463aa8e2b57ffb,False,False,False
C:\Users\elang\Downloads\animals\Indian Animals\Langur\000025.jpg,Indian Animals\Langur\000025.jpg,000025.jpg,Langur,4,1600,1157,3,1.3829,247241,22f016d7ad9189af27590c6179ca7a6cfae45a072eb4d670f69213a38a6624ee,False,False,False
C:\Users\elang\Downloads\animals\Indian Animals\Langur\000026.jpg,Indian Animals\Langur\000026.jpg,000026.jpg,Langur,4,600,900,3,0.6667,172955,ee84323817e7d37950bdbcc0028f39d04f1ca5dd79ddc58cb75140b4e05fa029,False,False,False
C:\Users\elang\Downloads\animals\Indian Animals\Langur\000027.jpg,Indian Animals\Langur\000027.jpg,000027.jpg,Langur,4,679,900,3,0.7544,99491,aacb85c92dd75806258ea97102ec16a890fa62736c363a693661adf9213ecf76,False,False,False
C:\Users\elang\Downloads\animals\Indian Animals\Langur\000028.jpg,Indian Animals\Langur\000028.jpg,000028.jpg,Langur,4,863,1390,3,0.6209,301456,9cd71edaa5a0e492ca5915a9c00e47d2a05711897b977463e2605778ac18a4be,False,False,False
C:\Users\elang\Downloads\animals\Indian Animals\Langur\000029.jpg,Indian Animals\Langur\000029.jpg,000029.jpg,Langur,4,1300,1390,3,0.9353,178300,ae298b54494cf124914d1267537c30c360901fc69fb64b7a8472ad80a2150b1e,False,False,False
C:\Users\elang\Downloads\animals\Indian Animals\Langur\000030.jpg,Indian Animals\Langur\000030.jpg,000030.jpg,Langur,4,1300,956,3,1.3598,140361,3ed72eef9fefbe1d31a53353a76d1f649e136bd27d6407964aad9108c34039c4,False,False,False
C:\Users\elang\Downloads\animals\Indian Animals\Langur\000031.jpg,Indian Animals\Langur\000031.jpg,000031.jpg,Langur,4,1300,956,3,1.3598,86811,58ca4d8e9a2e3a768e370d072b8d494531c204b92602d027eefd8fe8762d6ab6,False,False,False
C:\Users\elang\Downloads\animals\Indian Animals\Langur\000032.jpg,Indian Animals\Langur\000032.jpg,000032.jpg,Langur,4,1600,2000,3,0.8,1280939,e577a890ebb7480bb77224988a4ba0b76619611d21b77488b0388c3f407c847c,False,False,False
C:\Users\elang\Downloads\animals\Indian Animals\Langur\000033.jpg,Indian Animals\Langur\000033.jpg,000033.jpg,Langur,4,866,1390,3,0.623,219851,e9a4a6a2145c8a747d61db0d6275f25d557ab2bda7bf7ec6fad72b012d1b7f96,False,False,False
C:\Users\elang\Downloads\animals\Indian Animals\Langur\000034.jpg,Indian Animals\Langur\000034.jpg,000034.jpg,Langur,4,1300,956,3,1.3598,144090,91178e0f51f29cd74e587d4e8e05c3fe56dfac63bf2ca832b3b4a46afe3c2032,False,False,False
C:\Users\elang\Downloads\animals\Indian Animals\Langur\000035.jpg,Indian Animals\Langur\000035.jpg,000035.jpg,Langur,4,866,1390,3,0.623,201375,19c6a6f8b663bcaa823ec7aaea6477b9df96ef1fa6aa66d0df4cb898249a7006,False,False,False
C:\Users\elang\Downloads\animals\Indian Animals\Langur\000036.jpg,Indian Animals\Langur\000036.jpg,000036.jpg,Langur,4,600,900,3,0.6667,91530,fa5a0c840e2363e3da1956b7d3967f95eb7605c411014a58143a07ba646fea0e,False,False,False
C:\Users\elang\Downloads\animals\Indian Animals\Langur\000037.jpg,Indian Animals\Langur\000037.jpg,000037.jpg,Langur,4,1300,1390,3,0.9353,286334,4061cbc8105d3e5c6e3c05be10adb28fd8f511b73182b726aa6f05932a007ed4,False,False,False
C:\Users\elang\Downloads\animals\Indian Animals\Langur\000038.jpg,Indian Animals\Langur\000038.jpg,000038.jpg,Langur,4,1300,1390,3,0.9353,295428,19d4665c0b3560cb9a2cd7ecebcd2e633e49d0f163fc2c2cacbe9715a7fa62ec,False,False,False
C:\Users\elang\Downloads\animals\Indian Animals\Langur\000039.jpg,Indian Animals\Langur\000039.jpg,000039.jpg,Langur,4,600,900,3,0.6667,115684,e6d727f00b6d14085a369e284d39f1b5b14609f340b119c36fc79d65e0b557c9,False,False,False
C:\Users\elang\Downloads\animals\Indian Animals\Langur\000040.jpg,Indian Animals\Langur\000040.jpg,000040.jpg,Langur,4,863,1390,3,0.6209,254617,63fdb3d765b541f5904a903c3d765f740dfe8b2dd377f6c8a467df80c2200da6,False,False,False
C:\Users\elang\Downloads\animals\Indian Animals\Langur\000041.jpg,Indian Animals\Langur\000041.jpg,000041.jpg,Langur,4,900,596,3,1.5101,92324,1ea9456c70000b5852ae7ae5b47428216652680cebc1091443414be108feda70,False,False,False
C:\Users\elang\Downloads\animals\Indian Animals\Langur\000047.jpeg,Indian Animals\Langur\000047.jpeg,000047.jpeg,Langur,4,7952,5304,3,1.4992,756824,66a2d5cc4401b0f6c76b2bb9d665e173a868d23c4a54f6c89e8686e05869845b,False,False,False
C:\Users\elang\Downloads\animals\Indian Animals\Langur\000047.jpg,Indian Animals\Langur\000047.jpg,000047.jpg,Langur,4,1024,685,3,1.4949,143983,883b8223a1fa9a6561bfc0e6973bf9ceab9329d727ec3fed91c3d0e336b24ebb,False,False,False
C:\Users\elang\Downloads\animals\Indian Animals\Langur\000048.jpeg,Indian Animals\Langur\000048.jpeg,000048.jpeg,Langur,4,5184,3456,3,1.5,724600,23a8af9b6602e5e2e3c50391eb0755e14a729767667695e5886c54f6a1dd6e09,False,False,False
C:\Users\elang\Downloads\animals\Indian Animals\Langur\000048.jpg,Indian Animals\Langur\000048.jpg,000048.jpg,Langur,4,1067,1690,3,0.6314,224748,96f2dfa41db2e27f43cde2effda2604e7a70e383f34a6a497de35dde26f42416,False,False,False
C:\Users\elang\Downloads\animals\Indian Animals\Langur\000049.jpg,Indian Animals\Langur\000049.jpg,000049.jpg,Langur,4,1600,1011,3,1.5826,199464,d85b704a591bf49b0d9b3a73d4cd1ec6780f65461242e05d735f9418f7b7dc16,False,False,False
C:\Users\elang\Downloads\animals\Indian Animals\Langur\000050.jpg,Indian Animals\Langur\000050.jpg,000050.jpg,Langur,4,800,533,3,1.5009,54572,9d9bf118ee7e95c0ed4b4edafff42935fdf4e87ffcd486b6726ca9d4e013228c,False,False,False
C:\Users\elang\Downloads\animals\Indian Animals\tiger\000001.jpg,Indian Animals\tiger\000001.jpg,000001.jpg,tiger,5,1024,752,3,1.3617,208817,73a83a3deb1e9f3686836acdace749e0d1df1ccb3139fbac4ab5c5cfd3b470f7,False,False,False
C:\Users\elang\Downloads\animals\Indian Animals\tiger\000002.jpg,Indian Animals\tiger\000002.jpg,000002.jpg,tiger,5,1920,1248,3,1.5385,711261,d05c679459624c88da6f4df2c6cb1f1b6572c5f2530676a60fa3ece0641bea8a,False,False,False
C:\Users\elang\Downloads\animals\Indian Animals\tiger\000003.jpg,Indian Animals\tiger\000003.jpg,000003.jpg,tiger,5,1050,704,3,1.4915,169783,44ae7643468a55a2e51e71d4ad7ba731ce4ceb7ca370e0be13b050db9460f6f2,False,False,False
C:\Users\elang\Downloads\animals\Indian Animals\tiger\000004.jpg,Indian Animals\tiger\000004.jpg,000004.jpg,tiger,5,1600,1052,3,1.5209,275265,1b5ae4215aaf5c309164222475c808f45171ded47e4fc56bbd50563ccbece794,False,False,False
C:\Users\elang\Downloads\animals\Indian Animals\tiger\000005.jpg,Indian Animals\tiger\000005.jpg,000005.jpg,tiger,5,1600,1028,3,1.5564,232730,c50903de05d08fefe68fa67e94a50ca1bf2d27effaf0764df1ccb330508aa7a8,False,False,False
C:\Users\elang\Downloads\animals\Indian Animals\tiger\000006.jpg,Indian Animals\tiger\000006.jpg,000006.jpg,tiger,5,1024,816,3,1.2549,194443,6192215b05cd23cdc9b10503ce28bd086c705853b42d0efc6f097e2b3576a6fd,False,False,False
C:\Users\elang\Downloads\animals\Indian Animals\tiger\000007.jpg,Indian Animals\tiger\000007.jpg,000007.jpg,tiger,5,2000,1333,3,1.5004,396307,a9d723da47dc2454b661fb73e5a030b866bfd0b3ec65377bce1164f64ffb8294,False,False,False
C:\Users\elang\Downloads\animals\Indian Animals\tiger\000008.jpg,Indian Animals\tiger\000008.jpg,000008.jpg,tiger,5,1920,1234,3,1.5559,196647,727a8239057b8d269e965a359cbcb1afb6bb3aec450bba4f7377e5cb5d2a65c4,False,False,False
C:\Users\elang\Downloads\animals\Indian Animals\tiger\000009.jpeg,Indian Animals\tiger\000009.jpeg,000009.jpeg,tiger,5,6000,3376,3,1.7773,1925782,dc362ca44ea532b5377327525a30f8833753977ecfd5fd60ec96aa4890fea0cb,False,False,False
C:\Users\elang\Downloads\animals\Indian Animals\tiger\000009.jpg,Indian Animals\tiger\000009.jpg,000009.jpg,tiger,5,1000,1500,3,0.6667,126070,d787808dc832463b70c504013c02a34248ddbcbe28ba7d30381e7122e0a32f2f,False,False,False
C:\Users\elang\Downloads\animals\Indian Animals\tiger\000010.jpg,Indian Animals\tiger\000010.jpg,000010.jpg,tiger,5,1070,1500,3,0.7133,382946,5e5f7d4ccd941c04d6cd1443b302ebf51500ccb418b015e2d790c7faffb82820,False,False,False
C:\Users\elang\Downloads\animals\Indian Animals\tiger\000011.jpg,Indian Animals\tiger\000011.jpg,000011.jpg,tiger,5,1920,1200,3,1.6,178265,357175fcd4f819c04f25f659f14a232551953d28ce1e245f88f60c861ab7a22a,False,False,False
C:\Users\elang\Downloads\animals\Indian Animals\tiger\000012.jpg,Indian Animals\tiger\000012.jpg,000012.jpg,tiger,5,1280,750,3,1.7067,310222,a56a2ef7defb087dd67cbed69e98691b12f3978f25efe6387114adf5b527a7b7,False,False,False
C:\Users\elang\Downloads\animals\Indian Animals\tiger\000013.jpg,Indian Animals\tiger\000013.jpg,000013.jpg,tiger,5,1920,1200,3,1.6,594293,cb6b5710584555660578602b8b575fc214b2fdb6a583a64698f0dd7deb692552,False,False,False
C:\Users\elang\Downloads\animals\Indian Animals\tiger\000014.jpg,Indian Animals\tiger\000014.jpg,000014.jpg,tiger,5,1280,750,3,1.7067,310222,a56a2ef7defb087dd67cbed69e98691b12f3978f25efe6387114adf5b527a7b7,False,False,False
C:\Users\elang\Downloads\animals\Indian Animals\tiger\000015.jpg,Indian Animals\tiger\000015.jpg,000015.jpg,tiger,5,1000,1000,3,1.0,413147,f017509d231bd90fc2ba22c08609680f6b13e6c9749ba3b8a10f50ad8a69b0af,False,False,False
C:\Users\elang\Downloads\animals\Indian Animals\tiger\000016.jpg,Indian Animals\tiger\000016.jpg,000016.jpg,tiger,5,2523,1776,3,1.4206,458031,e84fc987ee2f3de3a71d50c7bf18ccd973d0cbf74aeb36d0f9db129775ee800e,False,False,False
C:\Users\elang\Downloads\animals\Indian Animals\tiger\000017.jpg,Indian Animals\tiger\000017.jpg,000017.jpg,tiger,5,2048,3072,3,0.6667,1766633,fec38e107cebbb5d527ce5d0035cdab6c233c969df5d4c0c3e67eb6ceb117226,False,False,False
C:\Users\elang\Downloads\animals\Indian Animals\tiger\000018.jpg,Indian Animals\tiger\000018.jpg,000018.jpg,tiger,5,1204,800,3,1.505,324858,b128abb3fe22ab0140fa0e0483d1c43c6bad6c811e1addaa5ec49021eaf69ec2,False,False,False
C:\Users\elang\Downloads\animals\Indian Animals\tiger\000019.jpg,Indian Animals\tiger\000019.jpg,000019.jpg,tiger,5,1024,768,3,1.3333,251137,1556166db1b96fab8a298614390e1a873f4a4efff5da8ac78563d32d26be0c8b,False,False,False
C:\Users\elang\Downloads\animals\Indian Animals\tiger\000020.jpg,Indian Animals\tiger\000020.jpg,000020.jpg,tiger,5,1920,1276,3,1.5047,316448,74d548e5c3b1e58be30d5b2fd8a79e14a6a6fab92cbade2d86cc825cf1356b68,False,False,False
C:\Users\elang\Downloads\animals\Indian Animals\tiger\000021.jpg,Indian Animals\tiger\000021.jpg,000021.jpg,tiger,5,992,1390,3,0.7137,247701,b891de2532a166d91972510c5fd0fa95f1944954a56501c64217cca640ecbfdc,False,False,False
C:\Users\elang\Downloads\animals\Indian Animals\tiger\000022.jpg,Indian Animals\tiger\000022.jpg,000022.jpg,tiger,5,1600,1167,3,1.371,170738,7a3c3be59096b7f0cd444ea2ec6b76448a24673f197d0364ba5040ad304305aa,False,False,False
C:\Users\elang\Downloads\animals\Indian Animals\tiger\000023.jpg,Indian Animals\tiger\000023.jpg,000023.jpg,tiger,5,755,430,3,1.7558,64568,3fa93c52e5aa40f52f97a3ee524159a2dd57297d13bf44f1f854b3298ac2e936,False,False,False
C:\Users\elang\Downloads\animals\Indian Animals\tiger\000024.jpg,Indian Animals\tiger\000024.jpg,000024.jpg,tiger,5,2560,1696,3,1.5094,692948,cc18229784be62d61cf5bc6eaae3368c31f1df3f93fbe0c133835b96afb6f2fd,False,False,False
C:\Users\elang\Downloads\animals\Indian Animals\tiger\000025.jpg,Indian Animals\tiger\000025.jpg,000025.jpg,tiger,5,1600,1201,3,1.3322,370285,e1b31a64ee633ef5a04bb847595d5325bbef156fe7c14b7c50a231ef68a833d7,False,False,False
C:\Users\elang\Downloads\animals\Indian Animals\tiger\000026.jpg,Indian Animals\tiger\000026.jpg,000026.jpg,tiger,5,1344,2016,3,0.6667,209632,6fd851befc85b055994a8a2cdb50ce678a22f07f58a8404aa39b671474843742,False,False,False
C:\Users\elang\Downloads\animals\Indian Animals\tiger\000027.jpg,Indian Animals\tiger\000027.jpg,000027.jpg,tiger,5,1535,1024,3,1.499,143543,b839578b862cda944815afb0440c54c31b44792e47540af4039a6d3e4564255b,False,False,False
C:\Users\elang\Downloads\animals\Indian Animals\tiger\000028.jpg,Indian Animals\tiger\000028.jpg,000028.jpg,tiger,5,3840,2160,3,1.7778,1286337,bf77791bc2839c9135f08d6c44469c7557ef214501579aaff3603c84c3df7ea5,False,False,False
C:\Users\elang\Downloads\animals\Indian Animals\tiger\000029.jpg,Indian Animals\tiger\000029.jpg,000029.jpg,tiger,5,1024,1024,3,1.0,407583,fd61bae1b95b5783df7481617d64100cff04595f0b6745a7881cc10b8beec73c,False,False,False
C:\Users\elang\Downloads\animals\Indian Animals\tiger\000030.jpeg,Indian Animals\tiger\000030.jpeg,000030.jpeg,tiger,5,5760,3840,3,1.5,2294939,21212ec423cff5d401ad53ad894363be30646e73860ec210a0d953b4946a8e7f,False,False,False
C:\Users\elang\Downloads\animals\Indian Animals\tiger\000030.jpg,Indian Animals\tiger\000030.jpg,000030.jpg,tiger,5,1600,1200,3,1.3333,128043,9e979ca72b2a637e55d2c87ebfcca24ca55a76f0f37dad99834beae1a2f491b2,False,False,False
C:\Users\elang\Downloads\animals\Indian Animals\tiger\000031.jpg,Indian Animals\tiger\000031.jpg,000031.jpg,tiger,5,3840,2160,3,1.7778,1286337,bf77791bc2839c9135f08d6c44469c7557ef214501579aaff3603c84c3df7ea5,False,False,False
C:\Users\elang\Downloads\animals\Indian Animals\tiger\000032.jpg,Indian Animals\tiger\000032.jpg,000032.jpg,tiger,5,2560,1696,3,1.5094,692948,cc18229784be62d61cf5bc6eaae3368c31f1df3f93fbe0c133835b96afb6f2fd,False,False,False
C:\Users\elang\Downloads\animals\Indian Animals\tiger\000033.jpg,Indian Animals\tiger\000033.jpg,000033.jpg,tiger,5,1300,1015,3,1.2808,160509,8d44a8d5c38156404fa2fccaf65e8561209a5953ec4fc1c0a665e1c21dacb5f2,False,False,False
C:\Users\elang\Downloads\animals\Indian Animals\tiger\000034.jpg,Indian Animals\tiger\000034.jpg,000034.jpg,tiger,5,1600,1043,3,1.534,408832,b4d3e4e2bde6d452ecefe349c5daa42602540d03d935a8b92ed79fc7c6df87b3,False,False,False
C:\Users\elang\Downloads\animals\Indian Animals\tiger\000035.jpg,Indian Animals\tiger\000035.jpg,000035.jpg,tiger,5,3840,2160,3,1.7778,2087371,bcaf7e1211d6b9fff520965f5f2c8a19bc444cccda2dd1b71c720c769c4f822d,False,False,False
C:\Users\elang\Downloads\animals\Indian Animals\tiger\000036.jpg,Indian Animals\tiger\000036.jpg,000036.jpg,tiger,5,1280,720,3,1.7778,126106,c8bc007a37182dfdf2d66165c4546be26a10ba2a065aa0f9e7b22b1e4c02fcd2,False,False,False
C:\Users\elang\Downloads\animals\Indian Animals\tiger\000037.jpg,Indian Animals\tiger\000037.jpg,000037.jpg,tiger,5,890,768,3,1.1589,106010,296490e7f370cfc6f40eb1eeef81c61aeff565ef33f1aaab27c9ed4807296fc3,False,False,False
C:\Users\elang\Downloads\animals\Indian Animals\tiger\000038.jpg,Indian Animals\tiger\000038.jpg,000038.jpg,tiger,5,1200,675,3,1.7778,210043,c08a3c6317e9c9977d8137b90ffcb7c2693193604bf63d80fc73d590175f03a0,False,False,False
C:\Users\elang\Downloads\animals\Indian Animals\tiger\000039.jpg,Indian Animals\tiger\000039.jpg,000039.jpg,tiger,5,768,1152,3,0.6667,61812,c13945c161b8117b5a0539f5b010bea4af9e76ca745b61a1f342ab1367b9a85e,False,False,False
C:\Users\elang\Downloads\animals\Indian Animals\tiger\000040.jpg,Indian Animals\tiger\000040.jpg,000040.jpg,tiger,5,1500,1000,3,1.5,563693,548cf92c971329195681ac83694749a0d3398bbc40095b0479b48fcb65f6cd7e,False,False,False
C:\Users\elang\Downloads\animals\Indian Animals\tiger\000041.jpg,Indian Animals\tiger\000041.jpg,000041.jpg,tiger,5,845,563,3,1.5009,190826,d597b45227d728f3d622e2088f5ebcd1c0485c97237665df9174a5072a1a534a,False,False,False
C:\Users\elang\Downloads\animals\Indian Animals\tiger\000042.jpg,Indian Animals\tiger\000042.jpg,000042.jpg,tiger,5,1024,683,3,1.4993,218962,709f7d7119587e6919dd6e7267b88ee442a1189c6a2057eeba579f0a54ae1d97,False,False,False
C:\Users\elang\Downloads\animals\Indian Animals\tiger\000043.jpg,Indian Animals\tiger\000043.jpg,000043.jpg,tiger,5,900,600,3,1.5,92945,08ad7ca287844e22661ff75c0972395bf4e198ac44bebb75906cb98fbb02e95a,False,False,False
C:\Users\elang\Downloads\animals\Indian Animals\tiger\000044.jpg,Indian Animals\tiger\000044.jpg,000044.jpg,tiger,5,750,500,3,1.5,43686,75f5e8e5a6f1c9915d04bc10c54a26b20c2b56c36a3732272d06fb1b57ee9c82,False,False,False
C:\Users\elang\Downloads\animals\Indian Animals\tiger\000045.jpg,Indian Animals\tiger\000045.jpg,000045.jpg,tiger,5,1300,956,3,1.3598,250864,198a1c515391ccc35e68a47d9a3cf0f1911e1d11736f6209a9ad188bfa6caca0,False,False,False
C:\Users\elang\Downloads\animals\Indian Animals\tiger\000046.jpeg,Indian Animals\tiger\000046.jpeg,000046.jpeg,tiger,5,2199,3285,3,0.6694,631089,cda0ddfb1771d890e666804205617bf19fa796e25af1a6999c5493d15872a188,False,False,False
C:\Users\elang\Downloads\animals\Indian Animals\tiger\000046.jpg,Indian Animals\tiger\000046.jpg,000046.jpg,tiger,5,2000,1333,3,1.5004,192979,c0b2b05eb6243a4ea35da2519269268b3a144eac25a8a09136dcc254ddac3e11,False,False,False
C:\Users\elang\Downloads\animals\Indian Animals\tiger\000047.jpg,Indian Animals\tiger\000047.jpg,000047.jpg,tiger,5,1536,1024,3,1.5,909854,1239826d9eea0172397096e9da8a76695aa2507d7ee4dcb1a6c039edc11edce6,False,False,False
C:\Users\elang\Downloads\animals\Indian Animals\tiger\000048.jpg,Indian Animals\tiger\000048.jpg,000048.jpg,tiger,5,1200,800,3,1.5,208624,d1a2497bda4947fc623ef64d58cbdc8f904dd886e7607d3393e858eb7a3de685,False,False,False
C:\Users\elang\Downloads\animals\Indian Animals\tiger\000049.jpg,Indian Animals\tiger\000049.jpg,000049.jpg,tiger,5,1280,769,3,1.6645,107314,848ae6064caeb6009319474269946c1c0579964b64ac7738bc056a2a2617b4be,False,False,False
C:\Users\elang\Downloads\animals\Indian Animals\tiger\000050.jpg,Indian Animals\tiger\000050.jpg,000050.jpg,tiger,5,1200,800,3,1.5,97898,83b516ab6a7c17bb64c822c6a4cdf7290664a1f391596057d51da05e178927bb,False,False,False
C:\Users\elang\Downloads\animals\Indian Animals\tiger\000051.jpg,Indian Animals\tiger\000051.jpg,000051.jpg,tiger,5,930,560,3,1.6607,89045,73c8e71ffadf423f05c42a6da9e95d3cf0917d219eaf07a4ee16605f34cb2977,False,False,False
C:\Users\elang\Downloads\animals\Indian Animals\tiger\000052.jpg,Indian Animals\tiger\000052.jpg,000052.jpg,tiger,5,1500,1000,3,1.5,151087,99ceaa1aa83d194c398d7d27ccb4278581c35fb4f67f5de1d6d80173baa12de0,False,False,False
C:\Users\elang\Downloads\animals\Indian Animals\tiger\000053.jpg,Indian Animals\tiger\000053.jpg,000053.jpg,tiger,5,1200,800,3,1.5,205651,1fdf5dc14d2cd487748c3aa5e833fe0f6225641cfb876b4727349e33b7e3a396,False,False,False
C:\Users\elang\Downloads\animals\Indian Animals\tiger\000054.jpg,Indian Animals\tiger\000054.jpg,000054.jpg,tiger,5,1000,750,3,1.3333,57541,a36c042e4c70b109b16dd741dda42b5bc0886b9b160839b903e75985bc6489da,False,False,False
C:\Users\elang\Downloads\animals\Indian Animals\tiger\000055.jpg,Indian Animals\tiger\000055.jpg,000055.jpg,tiger,5,1600,1067,3,1.4995,1042326,4c3b66c261a4cc16dae898ea215e3ea2d697a218ceb8727dfc12f0205215b590,False,False,False
C:\Users\elang\Downloads\animals\Indian Animals\tiger\000056.jpg,Indian Animals\tiger\000056.jpg,000056.jpg,tiger,5,1280,800,3,1.6,21280,a327fe92a4c107a96298a42aa1245d7d0b3659a1d87f8a0ea95d95211dac3e7f,False,False,False
C:\Users\elang\Downloads\animals\Indian Animals\tiger\000057.jpg,Indian Animals\tiger\000057.jpg,000057.jpg,tiger,5,1024,640,3,1.6,38500,2bc123b3d2bf356194aeec6ec9c5941f3e0698fc20a638807fe2a6789f7dd492,False,False,False
C:\Users\elang\Downloads\animals\Indian Animals\tiger\000058.jpg,Indian Animals\tiger\000058.jpg,000058.jpg,tiger,5,1024,640,3,1.6,24630,80f038da6471a03deca76dad4c731eef0c6dd1bfe53637e77eb9793c337401df,False,False,False
C:\Users\elang\Downloads\animals\Indian Animals\tiger\000059.jpg,Indian Animals\tiger\000059.jpg,000059.jpg,tiger,5,1600,890,3,1.7978,157808,dd92693f1b63adc2546d2c6343ad42cb558d9256805ba43b2cce48ba354d8676,False,False,False
C:\Users\elang\Downloads\animals\Indian Animals\tiger\000060.jpg,Indian Animals\tiger\000060.jpg,000060.jpg,tiger,5,800,449,3,1.7817,43750,45cd453f460e7fd0ee59d24a10ce1ee1d1c87ef69d6f308c03ebd00b162a69ed,False,False,False
C:\Users\elang\Downloads\animals\Indian Animals\tiger\000061.jpg,Indian Animals\tiger\000061.jpg,000061.jpg,tiger,5,800,534,3,1.4981,91964,dcbba2c31d17e3758556f001cf67a08f7c687edf0c3b09c00211a47574f7eb20,False,False,False
C:\Users\elang\Downloads\animals\Indian Animals\tiger\000062.jpg,Indian Animals\tiger\000062.jpg,000062.jpg,tiger,5,1920,1080,3,1.7778,248714,3edd553cb23173bf91a0e38068e5a33bf4eb1877f141f862b17d1f631200d294,False,False,False
C:\Users\elang\Downloads\animals\Indian Animals\tiger\000063.jpg,Indian Animals\tiger\000063.jpg,000063.jpg,tiger,5,1600,987,3,1.6211,138309,f19f7830da4f56440a8312a5f1031fa2deb133b3aebe0d3bf5139ff4b00db03e,False,False,False
C:\Users\elang\Downloads\animals\Indian Animals\tiger\000064.jpg,Indian Animals\tiger\000064.jpg,000064.jpg,tiger,5,1024,683,3,1.4993,130200,53d95d92f726f2874a425f32a57c2260778310094d37780a572fff0112c3a3d0,False,False,False
C:\Users\elang\Downloads\animals\Indian Animals\tiger\000065.jpg,Indian Animals\tiger\000065.jpg,000065.jpg,tiger,5,736,588,3,1.2517,217793,c3e7d979735a9f592b3d64dce4a6ab6f882c53d24df61e7cc121eb5c6db16dcb,False,False,False
C:\Users\elang\Downloads\animals\Indian Animals\tiger\000066.jpg,Indian Animals\tiger\000066.jpg,000066.jpg,tiger,5,800,533,3,1.5009,262353,871b800ed8445949538f24994b42e8072df495aecab4708dfcc45c9bb9644086,False,False,False
C:\Users\elang\Downloads\animals\Indian Animals\tiger\000067.jpg,Indian Animals\tiger\000067.jpg,000067.jpg,tiger,5,720,720,3,1.0,17212,7d151baf357df367becc09824fff942653934eb2922051e15706c7cb90277cf9,False,False,False
C:\Users\elang\Downloads\animals\Indian Animals\tiger\000068.jpg,Indian Animals\tiger\000068.jpg,000068.jpg,tiger,5,4874,3269,3,1.491,2912069,c573d7cfd2601ef5533e394d9d639a28d8c98e514b1f6696fb299453abbba42f,False,False,False
C:\Users\elang\Downloads\animals\Indian Animals\tiger\000069.jpg,Indian Animals\tiger\000069.jpg,000069.jpg,tiger,5,720,639,3,1.1268,75467,ec5c19542e0aa4a24aa3edadbe24f96d3d869f5e3fcb6cbb665abd64c066c814,False,False,False
C:\Users\elang\Downloads\animals\Indian Animals\tiger\000070.jpg,Indian Animals\tiger\000070.jpg,000070.jpg,tiger,5,1440,800,3,1.8,85820,b3776073ab7debc179d91cd5dcd24e496f30f276b9a5909ea47d9727ddfcf02b,False,False,False
