image_idx,class_name,width,height,yolo_detected,yolo_num_boxes,yolo_top_class,yolo_confidence,yolo_latency_ms,neuravex_latency_ms,dem_depth_mean,dem_depth_std,iou,giou,diou,ciou,bos
0,Asiatic Lion,1200,800,True,1,bear,0.6443,645.09,78.38,1.3832,0.0,0.0079,-0.0891,-0.1365,-0.1506,0.0033
1,Asiatic Lion,980,665,True,2,horse,0.6438,30.84,56.06,1.3832,0.0,0.3714,0.3714,0.3673,0.367,0.2609
2,Asiatic Lion,5760,3840,True,1,cow,0.4702,28.57,55.29,1.3832,0.0,0.4518,0.4518,0.4489,0.4489,0.3355
3,Asiatic Lion,980,653,True,1,bird,0.5924,31.98,53.83,1.3832,0.0,0.1558,0.1558,0.1485,0.1399,0.0939
4,Asiatic Lion,1120,700,True,2,bear,0.8668,36.03,54.12,1.3832,0.0,0.3005,0.3005,0.2816,0.2763,0.18
5,Asiatic Lion,1000,667,True,1,dog,0.2925,29.6,54.92,1.3832,0.0,0.1699,0.1443,0.0867,0.0853,0.0942
6,Asiatic Lion,1300,821,True,1,bear,0.8188,28.14,55.48,1.3832,0.0,0.3162,0.3162,0.3127,0.3127,0.2175
7,Asiatic Lion,1600,1152,True,1,dog,0.5685,30.06,55.31,1.3832,0.0,0.7215,0.7215,0.7192,0.7191,0.6084
8,Asiatic Lion,1920,1280,True,1,dog,0.4917,28.19,57.47,1.3832,0.0,0.7567,0.7567,0.7562,0.7562,0.6707
9,Asiatic Lion,5760,3840,True,1,cow,0.4702,31.62,59.58,1.3832,0.0,0.4518,0.4518,0.4489,0.4489,0.3355
10,Asiatic Lion,1920,1365,True,2,bird,0.6719,30.25,57.36,1.3832,0.0,0.0,-0.2377,-0.1301,-0.1301,0.0
11,Asiatic Lion,1600,1157,True,1,sheep,0.3165,25.67,55.17,1.3832,0.0,0.7241,0.7234,0.7172,0.7172,0.6056
12,Asiatic Lion,1600,1153,True,1,bear,0.8141,29.02,56.03,1.3832,0.0,0.3008,0.3008,0.299,0.299,0.2113
13,Asiatic Lion,1000,667,True,2,horse,0.7965,31.91,56.79,1.3832,0.0,0.4017,0.4017,0.3522,0.3458,0.2238
14,Asiatic Lion,1280,720,True,1,sheep,0.3338,27.43,55.65,1.3832,0.0,0.1766,0.1766,0.1304,0.1304,0.0856
15,Asiatic Lion,1300,956,True,3,bear,0.7325,29.29,55.19,1.3832,0.0,0.1878,0.1878,0.1821,0.1821,0.1173
16,Asiatic Lion,1500,1101,True,1,bear,0.8679,28.74,55.43,1.3832,0.0,0.0943,0.0943,0.0748,0.0745,0.0495
17,Asiatic Lion,1500,1101,True,1,cow,0.3761,28.79,57.35,1.3832,0.0,0.3809,0.3809,0.3622,0.3622,0.2392
18,Asiatic Lion,1300,956,True,3,bear,0.8315,29.47,55.88,1.3832,0.0,0.3377,0.3377,0.3369,0.3368,0.2474
19,Asiatic Lion,1300,956,True,1,horse,0.3517,29.52,56.68,1.3832,0.0,0.5782,0.5782,0.5586,0.558,0.401
20,Asiatic Lion,1000,667,False,0,None,0.0,26.95,56.1,1.3832,0.0,0.0,0.0,0.0,0.0,0.0
21,Asiatic Lion,1500,1101,True,1,bear,0.8908,28.5,54.82,1.3832,0.0,0.1978,0.1978,0.1957,0.1955,0.1309
22,Asiatic Lion,1600,1156,True,1,bear,0.2563,28.1,56.47,1.3832,0.0,0.2939,0.2939,0.2895,0.2895,0.1975
23,Asiatic Lion,1300,954,False,0,None,0.0,26.04,54.53,1.3832,0.0,0.0,0.0,0.0,0.0,0.0
24,Asiatic Lion,1000,667,True,2,bear,0.7591,28.25,56.33,1.3832,0.0,0.2893,0.2893,0.2741,0.2741,0.1763
25,Asiatic Lion,1000,667,False,0,None,0.0,27.12,58.76,1.3832,0.0,0.0,0.0,0.0,0.0,0.0
26,Asiatic Lion,949,633,True,1,horse,0.5737,28.6,59.99,1.3832,0.0,0.1036,0.1036,0.0908,0.0817,0.0575
27,Asiatic Lion,800,608,True,1,bear,0.4732,29.41,57.53,1.3832,0.0,0.5758,0.571,0.56,0.5599,0.4161
28,Asiatic Lion,800,400,True,1,horse,0.313,28.53,58.13,1.3832,0.0,0.2189,0.2189,0.1488,0.1487,0.1006
29,Asiatic Lion,1000,667,True,1,horse,0.6431,29.9,56.93,1.3832,0.0,0.154,0.154,0.1374,0.1331,0.0857
30,Asiatic Lion,1000,667,True,1,bear,0.8952,30.5,52.77,1.3832,0.0,0.9385,0.9385,0.9382,0.9382,0.9007
31,Asiatic Lion,1200,800,True,1,horse,0.5064,28.67,58.69,1.3832,0.0,0.1744,0.1283,0.0957,0.0955,0.0978
32,Asiatic Lion,1600,1220,True,1,bear,0.3496,29.04,57.39,1.3832,0.0,0.3624,0.3624,0.345,0.3415,0.2269
33,Asiatic Lion,3072,2304,True,1,horse,0.8343,27.66,57.69,1.3832,0.0,0.0691,-0.1756,-0.0476,-0.052,0.031
34,Asiatic Lion,800,533,True,1,bear,0.9244,29.44,63.07,1.3832,0.0,0.6389,0.6389,0.6292,0.6292,0.484
35,Asiatic Lion,2048,2048,True,2,bear,0.5151,25.9,59.3,1.3832,0.0,0.3142,0.3142,0.2971,0.2971,0.1918
36,Asiatic Lion,1151,1390,True,1,bear,0.8974,25.9,60.13,1.3832,0.0,0.4185,0.3374,0.3798,0.3786,0.3013
37,Asiatic Lion,2867,1389,True,1,bear,0.4839,24.55,60.84,1.3832,0.0,0.0725,0.0725,-0.0053,-0.0054,0.0288
38,Asiatic Lion,1280,720,True,2,cow,0.4014,29.04,62.66,1.3832,0.0,0.3427,0.26,0.3036,0.3031,0.2621
39,Asiatic Lion,2048,1414,True,1,bear,0.8556,29.89,60.0,1.3832,0.0,0.8757,0.8753,0.8743,0.8743,0.8096
40,Asiatic Lion,1600,1156,True,2,bear,0.5261,29.33,63.15,1.3832,0.0,0.8176,0.8176,0.8139,0.8139,0.7044
41,Asiatic Lion,390,280,True,1,bear,0.6142,31.01,61.98,1.3832,0.0,0.5453,0.5426,0.5214,0.5207,0.3655
42,Asiatic Lion,1600,1157,True,1,bear,0.3152,28.7,63.76,1.3832,0.0,0.2049,0.2049,0.1804,0.1804,0.1121
43,Asiatic Lion,1300,955,True,2,bear,0.9199,29.71,61.98,1.3832,0.0,0.2821,0.2821,0.2665,0.2665,0.1707
44,Asiatic Lion,1300,1001,True,3,bear,0.8507,30.14,62.99,1.3832,0.0,0.454,0.454,0.4293,0.4293,0.2876
45,Asiatic Lion,1080,720,True,1,bear,0.9415,29.27,60.13,1.3832,0.0,0.7379,0.7379,0.7335,0.7335,0.6107
46,Asiatic Lion,1600,1232,True,1,dog,0.5232,31.28,62.67,1.3832,0.0,0.6416,0.6226,0.6257,0.6252,0.501
47,Asiatic Lion,975,1390,True,1,bear,0.4351,28.8,63.63,1.3832,0.0,0.1395,0.1391,0.1152,0.1151,0.0732
48,Asiatic Lion,1300,996,True,2,bear,0.7978,29.9,63.34,1.3832,0.0,0.2385,0.2385,0.231,0.2261,0.1502
49,Indian Cow,750,1000,True,1,dog,0.6353,27.41,60.62,1.3832,0.0,0.8901,0.8897,0.889,0.889,0.8322
50,Indian Cow,4407,2905,True,2,horse,0.932,27.02,60.64,1.3832,0.0,0.5024,0.5024,0.4888,0.4874,0.347
51,Indian Cow,2624,3936,True,1,dog,0.631,27.62,58.81,1.3832,0.0,0.0,-0.1071,-0.094,-0.094,0.0
52,Indian Cow,1200,1690,True,2,bear,0.501,27.2,62.84,1.3832,0.0,0.5605,0.5605,0.56,0.56,0.458
53,Indian Cow,6000,4000,True,1,horse,0.9388,27.11,61.53,1.3832,0.0,0.4917,0.41,0.4651,0.4627,0.3711
54,Indian Cow,4000,6000,True,1,cow,0.9426,25.79,54.05,1.3832,0.0,0.2848,0.2068,0.2624,0.2622,0.1798
55,Indian Cow,1920,1080,True,1,cow,0.7944,26.11,57.25,1.3832,0.0,0.3671,0.3671,0.3647,0.3619,0.2636
56,Indian Cow,4672,7008,True,1,cow,0.7693,28.5,57.43,1.3832,0.0,0.42,0.4136,0.4003,0.4003,0.2716
57,Indian Cow,1050,700,True,3,cow,0.944,25.47,56.96,1.3832,0.0,0.2529,0.2529,0.1916,0.1916,0.1226
58,Indian Cow,770,400,True,1,horse,0.8627,30.55,54.75,1.3832,0.0,0.629,0.629,0.628,0.6272,0.5224
59,Indian Cow,2840,2130,True,1,cow,0.8564,27.06,55.92,1.3832,0.0,0.0,-0.5115,-0.296,-0.3059,0.0
60,Indian Cow,1500,1147,True,2,cow,0.6741,30.47,54.91,1.3832,0.0,0.4167,0.3833,0.401,0.4008,0.2827
61,Indian Cow,3994,5431,True,2,cow,0.466,28.23,54.15,1.3832,0.0,0.6488,0.6488,0.6319,0.631,0.4724
62,Indian Cow,1500,1098,True,2,cow,0.5742,30.6,52.3,1.3832,0.0,0.6885,0.6586,0.6795,0.6788,0.5848
63,Indian Cow,3060,4080,True,1,cow,0.9182,24.73,52.75,1.3832,0.0,0.1339,0.1177,0.0404,0.0399,0.0765
64,Indian Cow,390,280,True,2,cow,0.8768,26.48,50.53,1.3832,0.0,0.7069,0.7069,0.7053,0.7053,0.5996
65,Indian Cow,1244,700,True,3,horse,0.7162,27.99,51.43,1.3832,0.0,0.1456,0.1456,0.0566,0.0509,0.0595
66,Indian Cow,1135,700,True,2,cow,0.4671,27.26,56.0,1.3832,0.0,0.3274,0.322,0.3122,0.3122,0.2049
67,Indian Cow,4920,3276,True,1,cow,0.8605,26.7,63.97,1.3832,0.0,0.0,-0.3379,-0.1321,-0.1462,0.0
68,Indian Cow,1300,960,True,3,cow,0.8527,29.22,60.75,1.3832,0.0,0.0,-0.2615,-0.1572,-0.1596,0.0
69,Indian Cow,6960,4640,True,2,cow,0.4238,26.24,52.7,1.3832,0.0,0.1224,0.1224,0.1109,0.1109,0.0695
70,Indian Cow,1500,1101,True,2,cow,0.4348,25.91,55.94,1.3832,0.0,0.3597,0.3597,0.3567,0.3547,0.2548
71,Indian Cow,4813,3452,True,1,cow,0.9236,25.77,53.45,1.3832,0.0,0.5337,0.5337,0.5153,0.5153,0.3642
72,Indian Cow,1600,1154,True,3,cow,0.7575,27.84,58.05,1.3832,0.0,0.461,0.4581,0.4187,0.4139,0.2735
73,Indian Cow,1500,1101,True,1,cow,0.7433,30.01,57.15,1.3832,0.0,0.6258,0.6258,0.6248,0.6248,0.5185
74,Indian Cow,1296,700,True,1,cow,0.8668,32.93,63.72,1.3832,0.0,0.5234,0.5234,0.5017,0.5013,0.3492
75,Indian Cow,300,300,True,1,cow,0.7621,35.74,61.15,1.3832,0.0,0.0,-0.1072,-0.1328,-0.1356,0.0
76,Indian Cow,866,1390,True,1,bird,0.4221,31.93,61.68,1.3832,0.0,0.0124,-0.2573,-0.1923,-0.1964,0.0037
77,Indian Cow,1280,720,True,13,cow,0.7831,28.54,57.75,1.3832,0.0,0.2307,0.1182,0.1452,0.1125,0.1068
78,Indian Cow,2993,4000,True,1,bear,0.4099,31.54,60.17,1.3832,0.0,0.6729,0.6729,0.6727,0.6724,0.5846
79,Indian Cow,1600,1167,True,5,cow,0.5112,27.18,58.15,1.3832,0.0,0.2654,0.2654,0.2086,0.2086,0.1318
80,Indian Cow,3840,5760,True,3,bird,0.3051,29.21,61.05,1.3832,0.0,0.4275,0.4275,0.4064,0.4064,0.2718
81,Indian Cow,1600,1157,True,2,cow,0.8811,33.82,65.25,1.3832,0.0,0.2511,0.2511,0.2404,0.2401,0.1548
82,Indian Cow,1500,1600,False,0,None,0.0,28.29,59.31,1.3832,0.0,0.0,0.0,0.0,0.0,0.0
83,Indian Cow,1300,956,True,1,cow,0.5792,27.93,56.08,1.3832,0.0,0.6717,0.6717,0.67,0.67,0.5606
84,Indian Cow,866,1390,True,1,cow,0.9111,30.91,63.03,1.3832,0.0,0.581,0.581,0.5731,0.5729,0.4342
85,Indian Cow,1300,956,True,2,horse,0.6268,35.22,65.57,1.3832,0.0,0.8898,0.8889,0.8886,0.8886,0.846
86,Indian Cow,866,1390,True,2,bird,0.5185,29.93,66.38,1.3832,0.0,0.8617,0.8567,0.8603,0.8603,0.8095
87,Indian Cow,8191,5464,True,1,cow,0.6731,29.8,64.25,1.3832,0.0,0.7695,0.7695,0.7675,0.7674,0.6639
88,Indian Cow,640,427,True,1,horse,0.5993,31.36,61.65,1.3832,0.0,0.533,0.4667,0.519,0.5175,0.4325
89,Indian Cow,1715,980,True,1,horse,0.5795,30.44,64.14,1.3832,0.0,0.4883,0.4872,0.4679,0.4674,0.3223
90,Indian Cow,626,626,True,1,cow,0.9405,30.36,63.68,1.3832,0.0,0.2042,0.056,0.1667,0.1649,0.1205
91,Indian Cow,8191,5464,True,1,cow,0.6731,26.8,60.25,1.3832,0.0,0.7695,0.7695,0.7675,0.7674,0.6639
92,Indian Cow,1500,1225,True,1,cow,0.7483,29.74,62.48,1.3832,0.0,0.6951,0.6951,0.6903,0.69,0.5624
93,Indian Cow,500,500,True,1,cow,0.7783,27.96,56.17,1.3832,0.0,0.5302,0.5302,0.5295,0.529,0.4246
94,Indian Cow,1500,1101,True,1,cow,0.9459,30.62,63.84,1.3832,0.0,0.5652,0.5652,0.548,0.548,0.3944
95,Indian Cow,1280,720,True,1,cow,0.683,29.49,56.47,1.3832,0.0,0.643,0.643,0.6326,0.6326,0.4856
96,Indian Cow,1200,900,True,1,cow,0.772,28.22,54.93,1.3832,0.0,0.4926,0.4926,0.4889,0.4889,0.3684
97,Indian Cow,1280,720,True,3,person,0.7342,29.53,54.72,1.3832,0.0,0.2794,0.1945,0.2157,0.214,0.1843
98,Indian Cow,1280,960,True,3,cow,0.531,29.58,53.89,1.3832,0.0,0.3645,0.2087,0.3407,0.3327,0.2802
99,Indian Cow,347,280,True,2,cow,0.7657,28.39,53.96,1.3832,0.0,0.008,-0.2945,-0.1875,-0.2063,0.0023
100,Indian Cow,1280,960,True,5,cow,0.6233,27.91,55.75,1.3832,0.0,0.0827,-0.2983,0.0002,-0.0359,0.0524
101,Indian Cow,6000,4000,True,10,cow,0.8979,24.94,62.77,1.3832,0.0,0.0,-0.5169,-0.2376,-0.2616,0.0
102,Indian Cow,608,432,True,2,cow,0.7485,30.77,66.04,1.3832,0.0,0.4519,0.4519,0.4331,0.433,0.2947
103,Indian Cow,4000,1800,True,2,cow,0.6568,34.09,74.61,1.3832,0.0,0.3959,0.3959,0.3948,0.3941,0.2956
104,Indian Cow,1280,720,True,13,cow,0.7831,26.23,47.8,1.3832,0.0,0.2307,0.1182,0.1452,0.1125,0.1068
105,Indian Cow,3000,2348,True,10,cow,0.9444,16.81,37.75,1.3832,0.0,0.0499,-0.0898,-0.0953,-0.0955,0.0284
106,Indian Cow,4000,6000,True,1,cow,0.9426,17.48,32.38,1.3832,0.0,0.2848,0.2068,0.2624,0.2622,0.1798
107,Indian Cow,750,500,True,2,cow,0.8373,13.81,31.65,1.3832,0.0,0.7613,0.75,0.7569,0.7568,0.6754
108,Indian Cow,1024,683,False,0,None,0.0,12.42,30.66,1.3832,0.0,0.0,0.0,0.0,0.0,0.0
109,Indian Cow,266,190,False,0,None,0.0,11.76,32.59,1.3832,0.0,0.0,0.0,0.0,0.0,0.0
110,Indian Dog,800,601,True,1,dog,0.8348,13.17,31.72,1.3832,0.0,0.4937,0.4937,0.4817,0.4797,0.343
111,Indian Dog,1024,753,True,1,dog,0.8722,12.74,30.11,1.3832,0.0,0.921,0.9208,0.9206,0.9205,0.8727
112,Indian Dog,768,512,True,2,horse,0.682,13.33,31.78,1.3832,0.0,0.2827,0.1689,0.2053,0.2046,0.1772
113,Indian Dog,1280,720,True,2,horse,0.8138,11.89,31.28,1.3832,0.0,0.1077,0.0987,0.0362,0.0362,0.067
114,Indian Dog,1024,631,True,1,horse,0.9294,12.08,31.31,1.3832,0.0,0.6249,0.6249,0.6247,0.6237,0.5314
115,Indian Dog,600,399,True,2,dog,0.854,12.32,31.52,1.3832,0.0,0.418,0.418,0.4033,0.4027,0.2744
116,Indian Dog,1600,1005,True,1,dog,0.8986,13.97,35.04,1.3832,0.0,0.9095,0.9095,0.909,0.909,0.855
117,Indian Dog,1066,800,True,5,dog,0.9149,13.69,43.11,1.3832,0.0,0.0966,-0.0111,0.039,0.0366,0.0438
118,Indian Dog,1024,973,True,1,dog,0.8006,14.62,43.41,1.3832,0.0,0.388,0.3542,0.3749,0.37,0.2581
119,Indian Dog,800,533,True,2,horse,0.677,14.68,37.89,1.3832,0.0,0.3925,0.3421,0.3512,0.3512,0.2452
120,Indian Dog,626,417,True,2,horse,0.6716,14.27,36.94,1.3832,0.0,0.5102,0.5102,0.5009,0.5009,0.3646
121,Indian Dog,1079,1071,True,2,dog,0.8908,13.52,35.66,1.3832,0.0,0.5935,0.5935,0.5864,0.5864,0.4493
122,Indian Dog,756,1008,True,1,dog,0.7457,12.41,29.74,1.3832,0.0,0.0,-0.3602,-0.1205,-0.1228,0.0
123,Indian Dog,1500,1096,True,1,horse,0.8465,15.17,28.65,1.3832,0.0,0.2031,0.2031,0.1807,0.1756,0.1123
124,Indian Dog,1300,956,True,2,horse,0.5254,13.33,31.59,1.3832,0.0,0.3201,0.3201,0.3197,0.3182,0.2365
125,Indian Dog,1600,1180,False,0,None,0.0,13.01,29.39,1.3832,0.0,0.0,0.0,0.0,0.0,0.0
126,Indian Dog,768,1152,True,1,dog,0.9019,12.9,31.74,1.3832,0.0,0.5639,0.5509,0.5463,0.5463,0.4545
127,Indian Dog,600,900,True,1,dog,0.9123,15.2,29.19,1.3832,0.0,0.312,0.312,0.3021,0.3014,0.2002
128,Indian Dog,1300,1018,False,0,None,0.0,12.18,32.14,1.3832,0.0,0.0,0.0,0.0,0.0,0.0
129,Indian Dog,1280,720,True,1,cow,0.8293,13.82,31.08,1.3832,0.0,0.0348,-0.0204,-0.0822,-0.086,0.015
130,Indian Dog,1500,1101,True,1,dog,0.8754,12.94,28.65,1.3832,0.0,0.5812,0.5812,0.5795,0.5795,0.4658
131,Indian Dog,1300,1065,True,1,dog,0.8426,11.99,32.6,1.3832,0.0,0.4685,0.4685,0.4655,0.4651,0.3497
132,Indian Dog,800,800,True,1,dog,0.8901,12.69,34.95,1.3832,0.0,0.8691,0.8691,0.8687,0.8687,0.8059
133,Indian Dog,417,626,True,1,dog,0.7906,14.04,34.67,1.3832,0.0,0.0056,-0.0601,-0.0965,-0.0965,0.0033
134,Indian Dog,800,800,True,2,bear,0.6424,13.97,32.76,1.3832,0.0,0.62,0.62,0.6194,0.6187,0.5197
135,Indian Dog,1300,1065,True,1,dog,0.857,12.7,37.44,1.3832,0.0,0.548,0.548,0.546,0.5455,0.4313
136,Indian Dog,1300,1065,True,1,dog,0.8378,12.14,32.69,1.3832,0.0,0.7835,0.7835,0.7816,0.7816,0.6822
137,Indian Dog,3799,5700,True,1,bear,0.8416,14.64,38.75,1.3832,0.0,0.7204,0.7204,0.7156,0.7156,0.5893
138,Indian Dog,1248,650,True,1,horse,0.9341,12.3,29.64,1.3832,0.0,0.4446,0.4352,0.4205,0.4204,0.3069
139,Indian Dog,618,960,True,3,dog,0.8345,13.91,32.27,1.3832,0.0,0.6812,0.6812,0.6801,0.6801,0.5766
140,Indian Dog,720,960,True,1,dog,0.8535,13.66,30.58,1.3832,0.0,0.8503,0.844,0.8486,0.8486,0.7982
141,Indian Dog,523,960,True,2,dog,0.8831,13.48,32.21,1.3832,0.0,0.7183,0.7179,0.7142,0.7142,0.5924
142,Indian Dog,544,959,True,1,dog,0.6533,13.26,31.5,1.3832,0.0,0.7857,0.7852,0.7805,0.7804,0.6613
143,Indian Dog,910,480,True,3,horse,0.7624,12.91,31.64,1.3832,0.0,0.1088,0.1085,-0.0067,-0.0272,0.0438
144,Indian Dog,910,480,True,4,bear,0.7303,12.83,32.41,1.3832,0.0,0.3984,0.3984,0.3768,0.3767,0.2486
145,Indian Dog,1600,1066,True,1,dog,0.8083,13.24,31.86,1.3832,0.0,0.4546,0.4542,0.4495,0.4489,0.3288
146,Indian Dog,2048,1365,True,14,person,0.8825,13.94,31.65,1.3832,0.0,0.062,0.0476,0.0161,0.0051,0.0277
147,Indian Dog,1152,768,True,2,dog,0.6671,13.76,32.51,1.3832,0.0,0.6906,0.6906,0.6895,0.6895,0.587
148,Indian Dog,1069,580,True,1,bird,0.4738,15.32,41.91,1.3832,0.0,0.3478,0.3216,0.2896,0.2896,0.2468
149,Indian Dog,866,1390,True,2,dog,0.8371,13.64,32.27,1.3832,0.0,0.155,0.0813,0.0804,0.0804,0.0721
150,Indian Dog,1300,1390,False,0,None,0.0,14.12,43.0,1.3832,0.0,0.0,0.0,0.0,0.0,0.0
151,Indian Dog,3072,2048,True,1,horse,0.8511,16.48,28.37,1.3832,0.0,0.1445,0.1445,0.1063,0.1063,0.0708
152,Indian Dog,800,800,True,1,dog,0.8901,13.06,29.46,1.3832,0.0,0.8691,0.8691,0.8687,0.8687,0.8059
153,Indian Dog,800,800,True,2,bear,0.6424,14.37,30.92,1.3832,0.0,0.62,0.62,0.6194,0.6187,0.5197
154,Indian Dog,1024,683,True,1,dog,0.8135,13.29,31.13,1.3832,0.0,0.3803,0.3377,0.3733,0.3726,0.2693
155,Indian Dog,1300,1065,True,1,dog,0.857,14.68,32.82,1.3832,0.0,0.548,0.548,0.546,0.5455,0.4313
156,Indian Macaque,1600,1150,True,2,bear,0.7496,13.3,29.32,1.3832,0.0,0.2795,0.2795,0.273,0.2715,0.182
157,Indian Macaque,1300,953,False,0,None,0.0,12.26,30.98,1.3832,0.0,0.0,0.0,0.0,0.0,0.0
158,Indian Macaque,1024,705,True,4,person,0.8039,12.48,31.95,1.3832,0.0,0.1979,0.1276,0.1283,0.1126,0.0917
159,Indian Macaque,1033,980,True,1,dog,0.7359,12.86,30.64,1.3832,0.0,0.6267,0.6267,0.6256,0.6256,0.5192
160,Indian Macaque,1500,1101,True,1,bear,0.4852,12.91,29.91,1.3832,0.0,0.3259,0.3259,0.3117,0.3086,0.2041
161,Indian Macaque,525,145,False,0,None,0.0,11.68,38.78,1.3832,0.0,0.0,0.0,0.0,0.0,0.0
162,Indian Macaque,600,400,True,2,bird,0.5835,13.42,38.49,1.3832,0.0,0.4171,0.4171,0.4105,0.4086,0.2913
163,Indian Macaque,922,1536,True,1,dog,0.4756,13.2,35.58,1.3832,0.0,0.0274,0.0274,-0.0776,-0.0778,0.0096
164,Indian Macaque,737,900,True,1,bear,0.8669,14.36,35.13,1.3832,0.0,0.2568,0.2568,0.2377,0.2374,0.1497
165,Indian Macaque,1300,956,True,1,dog,0.3819,13.98,29.83,1.3832,0.0,0.7304,0.7304,0.725,0.7247,0.5965
166,Indian Macaque,800,570,True,2,dog,0.8479,14.91,28.79,1.3832,0.0,0.3595,0.3595,0.3403,0.337,0.2223
167,Indian Macaque,863,1390,True,1,bear,0.6412,13.78,33.9,1.3832,0.0,0.6007,0.6007,0.6005,0.6005,0.5057
168,Indian Macaque,486,280,True,1,bear,0.6645,13.28,31.92,1.3832,0.0,0.3752,0.2362,0.3518,0.343,0.266
169,Indian Macaque,1300,960,True,1,bear,0.913,13.59,32.44,1.3832,0.0,0.2712,0.2125,0.2095,0.2094,0.1996
170,Indian Macaque,391,280,True,1,dog,0.6221,13.12,34.44,1.3832,0.0,0.504,0.4793,0.4773,0.4758,0.3345
171,Indian Macaque,1300,956,True,2,bear,0.2789,15.8,32.3,1.3832,0.0,0.1669,0.1669,0.1646,0.159,0.1083
172,Indian Macaque,1600,1153,True,2,dog,0.6699,14.71,35.84,1.3832,0.0,0.8893,0.8893,0.8885,0.8885,0.8234
173,Indian Macaque,1600,1671,True,1,bird,0.2745,15.57,35.28,1.3832,0.0,0.46,0.328,0.4263,0.4167,0.3536
174,Indian Macaque,626,434,False,0,None,0.0,12.08,30.45,1.3832,0.0,0.0,0.0,0.0,0.0,0.0
175,Indian Macaque,626,405,True,1,bird,0.7155,12.73,33.27,1.3832,0.0,0.2549,0.173,0.1421,0.1414,0.1428
176,Indian Macaque,1300,956,True,1,bear,0.7758,13.6,30.49,1.3832,0.0,0.8646,0.8646,0.8634,0.8634,0.7863
177,Indian Macaque,1300,956,True,3,bird,0.6517,12.81,29.56,1.3832,0.0,0.2161,0.1278,0.1833,0.1799,0.1196
178,Indian Macaque,626,417,False,0,None,0.0,13.42,33.41,1.3832,0.0,0.0,0.0,0.0,0.0,0.0
179,Indian Macaque,1300,956,False,0,None,0.0,11.32,32.49,1.3832,0.0,0.0,0.0,0.0,0.0,0.0
180,Indian Macaque,1300,956,True,2,dog,0.3061,15.42,32.0,1.3832,0.0,0.8299,0.8299,0.8271,0.8271,0.7266
181,Indian Macaque,800,533,True,1,bear,0.5016,12.14,31.87,1.3832,0.0,0.8837,0.8816,0.8819,0.8819,0.8125
182,Indian Macaque,1600,1229,True,3,bear,0.583,15.04,29.1,1.3832,0.0,0.3617,0.3617,0.3413,0.3378,0.2225
183,Indian Macaque,1600,1608,True,1,dog,0.3411,13.18,29.2,1.3832,0.0,0.6151,0.6151,0.6147,0.6146,0.5164
184,Indian Macaque,1600,1419,True,3,bear,0.4295,14.22,29.96,1.3832,0.0,0.3037,0.3037,0.2974,0.2964,0.2006
185,Indian Macaque,1300,990,True,1,bird,0.2563,12.66,32.42,1.3832,0.0,0.553,0.5198,0.5352,0.5351,0.4202
186,Indian Macaque,1600,1157,True,1,bear,0.6322,14.19,30.04,1.3832,0.0,0.2797,0.2797,0.279,0.2775,0.1994
187,Indian Macaque,1600,1156,True,1,bear,0.8512,13.08,31.43,1.3832,0.0,0.4694,0.4154,0.4635,0.4601,0.3563
188,Indian Macaque,1600,1156,True,3,bird,0.7567,15.75,37.89,1.3832,0.0,0.1703,0.0673,0.1095,0.1082,0.0902
189,Indian Macaque,1600,1157,True,1,bear,0.6562,12.28,34.14,1.3832,0.0,0.3915,0.3915,0.3809,0.3809,0.2606
190,Indian Macaque,1600,1157,True,1,bear,0.9022,14.0,30.72,1.3832,0.0,0.2544,0.0451,0.186,0.1744,0.1541
191,Indian Macaque,1600,1157,True,2,bear,0.8493,13.31,29.34,1.3832,0.0,0.2279,0.0072,0.2004,0.1819,0.1457
192,Indian Macaque,1600,1157,True,1,bear,0.7066,12.95,29.05,1.3832,0.0,0.0,-0.6602,-0.3298,-0.3741,0.0
193,Indian Macaque,1600,1157,True,1,horse,0.2619,12.75,28.65,1.3832,0.0,0.4553,0.434,0.4291,0.4291,0.2972
194,Indian Macaque,1300,958,True,1,dog,0.9264,13.05,30.76,1.3832,0.0,0.2386,0.2386,0.2274,0.2273,0.1454
195,Indian Macaque,863,1390,True,1,bear,0.698,17.23,32.0,1.3832,0.0,0.3561,0.3561,0.3555,0.3551,0.2647
196,Indian Macaque,1300,956,True,2,dog,0.4669,12.75,33.59,1.3832,0.0,0.7144,0.7144,0.7091,0.7091,0.58
197,Indian Macaque,600,900,True,1,bear,0.8557,12.64,30.91,1.3832,0.0,0.6608,0.6604,0.6459,0.6456,0.4933
198,Indian Macaque,800,533,True,1,bird,0.8179,12.33,30.17,1.3832,0.0,0.2023,0.2023,0.1949,0.187,0.125
199,Indian Macaque,600,900,True,1,bird,0.5356,14.4,34.26,1.3832,0.0,0.5881,0.5698,0.5725,0.5725,0.4576
200,Indian Macaque,1000,1000,True,1,bear,0.5094,12.94,32.3,1.3832,0.0,0.3505,0.3345,0.3023,0.3023,0.2458
201,Indian Macaque,1300,960,True,1,bear,0.4224,13.61,33.16,1.3832,0.0,0.1978,0.1978,0.1892,0.1892,0.1205
202,Indian Macaque,1300,913,True,2,bird,0.3315,13.92,30.2,1.3832,0.0,0.4534,0.4184,0.428,0.428,0.3123
203,Indian Macaque,866,1390,True,1,bird,0.4691,13.51,34.58,1.3832,0.0,0.0141,-0.288,-0.1591,-0.1592,0.005
204,Indian Macaque,2560,1706,True,1,bear,0.6057,13.84,31.42,1.3832,0.0,0.3703,0.3703,0.368,0.3636,0.2665
205,Indian Macaque,863,1390,False,0,None,0.0,11.64,39.36,1.3832,0.0,0.0,0.0,0.0,0.0,0.0
206,Langur,1500,1101,True,1,bear,0.8381,18.6,35.41,1.3832,0.0,0.1893,0.1893,0.1395,0.1374,0.0913
207,Langur,390,280,True,1,horse,0.3917,12.97,35.77,1.3832,0.0,0.6909,0.6909,0.6843,0.6843,0.549
208,Langur,1067,1690,True,1,bear,0.3851,12.82,31.01,1.3832,0.0,0.3042,0.3042,0.2991,0.2991,0.2039
209,Langur,1300,956,True,1,bird,0.8977,13.16,30.78,1.3832,0.0,0.2671,0.2671,0.2615,0.2562,0.1745
210,Langur,957,1390,True,2,bird,0.3176,13.0,32.74,1.3832,0.0,0.3799,0.3754,0.3346,0.3311,0.2125
211,Langur,800,534,True,1,bear,0.6082,14.61,31.35,1.3832,0.0,0.1335,0.1335,0.1123,0.1107,0.0711
212,Langur,866,1390,True,2,bird,0.5774,13.0,32.9,1.3832,0.0,0.5951,0.5951,0.5815,0.5815,0.4302
213,Langur,1000,667,True,1,dog,0.2527,11.84,30.74,1.3832,0.0,0.9473,0.9472,0.9471,0.9471,0.914
214,Langur,863,1390,True,2,bear,0.5853,14.4,30.9,1.3832,0.0,0.9418,0.9418,0.9414,0.9414,0.9003
215,Langur,1500,1600,True,1,bear,0.8747,14.32,30.72,1.3832,0.0,0.949,0.9485,0.9488,0.9488,0.9317
216,Langur,626,388,False,0,None,0.0,11.97,32.02,1.3832,0.0,0.0,0.0,0.0,0.0,0.0
217,Langur,1300,1111,True,1,bear,0.893,12.43,36.47,1.3832,0.0,0.3647,0.3254,0.3556,0.3526,0.2485
218,Langur,1594,1300,True,1,dog,0.6793,12.66,33.07,1.3832,0.0,0.3863,0.3863,0.3786,0.3766,0.263
219,Langur,866,1390,True,1,bird,0.7107,14.77,34.63,1.3832,0.0,0.5169,0.5169,0.5061,0.5061,0.3664
220,Langur,863,1390,True,1,dog,0.5307,14.23,32.47,1.3832,0.0,0.8371,0.8371,0.8349,0.8349,0.7404
221,Langur,1001,1600,True,2,bird,0.2912,13.97,37.27,1.3832,0.0,0.7508,0.7448,0.7445,0.7443,0.624
222,Langur,866,1390,True,1,bear,0.8088,13.93,31.14,1.3832,0.0,0.3132,0.3132,0.3131,0.313,0.2359
223,Langur,1300,956,True,1,horse,0.5266,12.48,32.07,1.3832,0.0,0.6739,0.6739,0.6668,0.6666,0.5291
224,Langur,863,1390,True,2,bird,0.5434,15.89,32.01,1.3832,0.0,0.6464,0.6464,0.6437,0.6437,0.5246
225,Langur,866,1390,True,1,bear,0.6394,13.06,30.34,1.3832,0.0,0.3411,0.3411,0.3334,0.3329,0.2267
226,Langur,1300,953,True,1,dog,0.28,12.31,30.58,1.3832,0.0,0.1735,0.1735,0.1719,0.1683,0.1145
227,Langur,1066,1690,False,0,None,0.0,14.09,29.42,1.3832,0.0,0.0,0.0,0.0,0.0,0.0
228,Langur,1300,956,True,2,bird,0.3333,12.77,32.71,1.3832,0.0,0.3382,0.3382,0.3292,0.3289,0.2219
229,Langur,1063,1690,True,1,cat,0.6883,13.03,28.36,1.3832,0.0,0.6634,0.6634,0.6556,0.6556,0.5155
230,Langur,1600,1157,True,1,bear,0.6596,14.24,29.35,1.3832,0.0,0.1315,0.1315,0.1116,0.1097,0.0705
231,Langur,600,900,True,1,bird,0.6762,13.28,30.92,1.3832,0.0,0.1825,0.0767,0.1142,0.1137,0.1324
232,Langur,679,900,True,2,bear,0.3513,12.97,32.73,1.3832,0.0,0.6053,0.6038,0.5995,0.5995,0.468
233,Langur,863,1390,True,1,bird,0.5141,14.04,34.62,1.3832,0.0,0.5633,0.5244,0.5458,0.5458,0.4695
234,Langur,1300,1390,True,1,person,0.4647,12.56,28.34,1.3832,0.0,0.7438,0.7425,0.7359,0.7359,0.6321
235,Langur,1300,956,True,3,kite,0.4068,14.39,31.75,1.3832,0.0,0.0004,0.0004,-0.1576,-0.1606,0.0001
236,Langur,1300,956,True,1,horse,0.3338,12.81,31.06,1.3832,0.0,0.0722,0.0687,0.0544,0.0267,0.0378
237,Langur,1600,2000,True,1,bear,0.8314,12.94,30.76,1.3832,0.0,0.6019,0.6019,0.5966,0.5966,0.4647
238,Langur,866,1390,True,1,bear,0.8206,12.77,30.92,1.3832,0.0,0.1646,0.1608,0.0973,0.0973,0.0733
239,Langur,1300,956,True,1,dog,0.5555,13.15,35.15,1.3832,0.0,0.4249,0.4249,0.4214,0.4207,0.3084
240,Langur,866,1390,False,0,None,0.0,11.65,31.25,1.3832,0.0,0.0,0.0,0.0,0.0,0.0
241,Langur,600,900,True,1,bird,0.325,13.15,33.6,1.3832,0.0,0.756,0.756,0.7546,0.7546,0.656
242,Langur,1300,1390,True,3,bird,0.5709,13.08,31.6,1.3832,0.0,0.0502,0.0502,0.0185,0.0175,0.0237
243,Langur,1300,1390,True,3,bird,0.6773,12.85,30.69,1.3832,0.0,0.1348,0.1348,0.0938,0.0934,0.0648
244,Langur,600,900,True,2,bear,0.6131,12.76,32.54,1.3832,0.0,0.6699,0.6699,0.6681,0.6681,0.557
245,Langur,863,1390,True,1,bear,0.789,13.29,33.33,1.3832,0.0,0.5928,0.5928,0.5921,0.5921,0.4883
246,Langur,900,596,True,1,bird,0.8328,13.97,32.55,1.3832,0.0,0.073,0.073,0.073,0.0663,0.0489
247,Langur,7952,5304,True,1,bear,0.7878,14.99,28.46,1.3832,0.0,0.3181,0.3181,0.3077,0.3068,0.204
248,Langur,1024,685,True,1,bear,0.5794,12.12,30.64,1.3832,0.0,0.7538,0.7538,0.7463,0.7462,0.6316
249,Langur,5184,3456,True,1,cow,0.4809,16.37,30.84,1.3832,0.0,0.4641,0.4521,0.4582,0.4577,0.338
250,Langur,1067,1690,True,1,cat,0.3771,13.56,32.16,1.3832,0.0,0.296,0.269,0.2798,0.2797,0.184
251,Langur,1600,1011,False,0,None,0.0,13.19,31.13,1.3832,0.0,0.0,0.0,0.0,0.0,0.0
252,Langur,800,533,True,1,dog,0.4392,12.24,33.79,1.3832,0.0,0.5699,0.5699,0.5551,0.555,0.404
253,tiger,1024,752,True,1,dog,0.3431,13.78,31.21,1.3832,0.0,0.8989,0.8989,0.8978,0.8978,0.83
254,tiger,1920,1248,True,1,zebra,0.9174,14.47,31.68,1.3832,0.0,0.8934,0.8934,0.8929,0.8928,0.8332
255,tiger,1050,704,True,1,person,0.866,15.81,32.27,1.3832,0.0,0.4504,0.4143,0.4329,0.4329,0.3298
256,tiger,1600,1052,True,1,zebra,0.8862,17.77,33.68,1.3832,0.0,0.1739,0.1739,0.1325,0.1314,0.0858
257,tiger,1600,1028,True,1,horse,0.4442,12.7,35.27,1.3832,0.0,0.3871,0.3825,0.332,0.3319,0.2612
258,tiger,1024,816,True,1,zebra,0.9463,13.44,42.44,1.3832,0.0,0.4083,0.3536,0.4062,0.3978,0.3094
259,tiger,2000,1333,True,1,zebra,0.8735,13.44,34.03,1.3832,0.0,0.2534,0.1695,0.2397,0.2319,0.1587
260,tiger,1920,1234,True,1,zebra,0.9084,12.54,34.39,1.3832,0.0,0.1071,-0.0403,-0.002,-0.002,0.0586
261,tiger,6000,3376,True,2,sheep,0.4169,11.82,29.25,1.3832,0.0,0.1075,-0.0023,0.0049,0.0049,0.0535
262,tiger,1000,1500,True,1,zebra,0.9012,13.35,29.75,1.3832,0.0,0.5196,0.5182,0.5093,0.5093,0.371
263,tiger,1070,1500,True,1,dog,0.6419,13.84,30.88,1.3832,0.0,0.1641,0.1641,0.1374,0.1353,0.0864
264,tiger,1920,1200,True,1,zebra,0.4692,14.48,30.44,1.3832,0.0,0.8841,0.8828,0.8832,0.8832,0.8303
265,tiger,1280,750,True,1,zebra,0.8875,13.65,29.94,1.3832,0.0,0.2037,0.2037,0.1864,0.1864,0.1163
266,tiger,1920,1200,False,0,None,0.0,12.33,31.22,1.3832,0.0,0.0,0.0,0.0,0.0,0.0
267,tiger,1280,750,True,1,zebra,0.8875,12.72,39.25,1.3832,0.0,0.2037,0.2037,0.1864,0.1864,0.1163
268,tiger,1000,1000,False,0,None,0.0,12.02,32.35,1.3832,0.0,0.0,0.0,0.0,0.0,0.0
269,tiger,2523,1776,True,1,zebra,0.8918,13.37,31.7,1.3832,0.0,0.4852,0.4421,0.4578,0.4577,0.3805
270,tiger,2048,3072,True,1,dog,0.2854,14.92,29.31,1.3832,0.0,0.5262,0.5262,0.5182,0.5182,0.383
271,tiger,1204,800,True,1,zebra,0.8975,11.54,31.85,1.3832,0.0,0.3458,0.3458,0.3443,0.3443,0.2497
272,tiger,1024,768,False,0,None,0.0,12.32,39.44,1.3832,0.0,0.0,0.0,0.0,0.0,0.0
273,tiger,1920,1276,True,1,dog,0.5087,12.56,33.56,1.3832,0.0,0.6308,0.6303,0.6253,0.6253,0.4934
274,tiger,992,1390,True,1,dog,0.2667,18.01,35.32,1.3832,0.0,0.4088,0.4088,0.4046,0.4039,0.2919
275,tiger,1600,1167,True,5,kite,0.6491,17.87,30.54,1.3832,0.0,0.0,-0.2264,-0.1562,-0.1586,0.0
276,tiger,755,430,True,1,zebra,0.8626,11.74,31.71,1.3832,0.0,0.9628,0.9624,0.9627,0.9627,0.9519
277,tiger,2560,1696,True,1,dog,0.3547,13.43,29.28,1.3832,0.0,0.6967,0.6916,0.6903,0.6903,0.5668
278,tiger,1600,1201,True,1,zebra,0.9176,12.82,32.27,1.3832,0.0,0.5586,0.5539,0.5553,0.5553,0.4362
279,tiger,1344,2016,True,1,bear,0.6363,12.0,30.57,1.3832,0.0,0.5155,0.5149,0.4919,0.491,0.3415
280,tiger,1535,1024,True,1,zebra,0.774,14.11,47.02,1.3832,0.0,0.0597,-0.0926,-0.024,-0.024,0.0333
281,tiger,3840,2160,True,2,bird,0.4022,13.47,29.34,1.3832,0.0,0.1665,0.0631,0.0979,0.0979,0.0873
282,tiger,1024,1024,False,0,None,0.0,11.41,31.66,1.3832,0.0,0.0,0.0,0.0,0.0,0.0
283,tiger,5760,3840,True,1,cow,0.4702,11.26,29.81,1.3832,0.0,0.4518,0.4518,0.4489,0.4489,0.3355
284,tiger,1600,1200,True,1,zebra,0.9445,13.14,32.35,1.3832,0.0,0.1153,0.0326,0.0416,0.0409,0.0568
285,tiger,3840,2160,True,2,bird,0.4022,11.84,30.23,1.3832,0.0,0.1665,0.0631,0.0979,0.0979,0.0873
286,tiger,2560,1696,True,1,dog,0.3547,13.3,30.21,1.3832,0.0,0.6967,0.6916,0.6903,0.6903,0.5668
287,tiger,1300,1015,False,0,None,0.0,11.95,28.47,1.3832,0.0,0.0,0.0,0.0,0.0,0.0
288,tiger,1600,1043,True,2,zebra,0.912,12.25,30.38,1.3832,0.0,0.1919,0.1919,0.1693,0.1692,0.1052
289,tiger,3840,2160,True,2,bird,0.4122,11.97,30.45,1.3832,0.0,0.1645,0.0611,0.0956,0.0956,0.086
290,tiger,1280,720,True,2,bird,0.4426,12.76,27.69,1.3832,0.0,0.0648,0.0648,0.049,0.0479,0.0342
291,tiger,890,768,True,1,zebra,0.9075,14.83,32.18,1.3832,0.0,0.0388,0.0388,0.0284,0.0284,0.0211
292,tiger,1200,675,True,1,zebra,0.8483,13.62,32.7,1.3832,0.0,0.4383,0.4383,0.4287,0.4287,0.3013
293,tiger,768,1152,True,2,frisbee,0.9411,15.74,30.13,1.3832,0.0,0.0,-0.7493,-0.2608,-0.2644,0.0
294,tiger,1500,1000,True,1,horse,0.6973,14.12,29.26,1.3832,0.0,0.0805,0.0805,0.0487,0.0487,0.0389
295,tiger,845,563,False,0,None,0.0,15.12,27.06,1.3832,0.0,0.0,0.0,0.0,0.0,0.0
296,tiger,1024,683,True,1,sheep,0.3818,12.77,29.64,1.3832,0.0,0.1171,0.1171,0.0645,0.0615,0.0529
297,tiger,900,600,False,0,None,0.0,12.02,31.68,1.3832,0.0,0.0,0.0,0.0,0.0,0.0
298,tiger,750,500,True,2,bird,0.9459,13.88,32.26,1.3832,0.0,0.1479,0.1479,0.0599,0.0599,0.0608
299,tiger,1300,956,True,1,zebra,0.3949,11.92,29.51,1.3832,0.0,0.0244,0.0244,-0.0068,-0.008,0.0114
300,tiger,2199,3285,False,0,None,0.0,11.01,30.64,1.3832,0.0,0.0,0.0,0.0,0.0,0.0
301,tiger,2000,1333,True,1,zebra,0.8949,15.42,28.63,1.3832,0.0,0.3237,0.3237,0.3129,0.3124,0.2076
302,tiger,1536,1024,True,1,zebra,0.8493,12.45,30.42,1.3832,0.0,0.3294,0.3262,0.2865,0.2853,0.1798
303,tiger,1200,800,True,2,bird,0.7529,12.07,27.28,1.3832,0.0,0.1192,0.1192,0.0938,0.0938,0.0613
304,tiger,1280,769,True,1,zebra,0.7134,12.62,29.09,1.3832,0.0,0.0,-0.3486,-0.1202,-0.1204,0.0
305,tiger,1200,800,True,2,dog,0.4454,12.46,28.21,1.3832,0.0,0.0577,-0.1433,-0.0934,-0.0934,0.0216
306,tiger,930,560,True,1,zebra,0.8949,13.43,31.92,1.3832,0.0,0.382,0.382,0.3667,0.3667,0.245
307,tiger,1500,1000,True,1,horse,0.7578,12.85,30.9,1.3832,0.0,0.0576,-0.2256,-0.1097,-0.1101,0.0313
308,tiger,1200,800,True,1,horse,0.9327,12.57,28.27,1.3832,0.0,0.2726,0.2726,0.2439,0.2427,0.1523
309,tiger,1000,750,True,2,bird,0.6706,14.19,30.74,1.3832,0.0,0.2095,0.2095,0.2016,0.2016,0.1294
310,tiger,1600,1067,True,1,zebra,0.8843,13.08,29.67,1.3832,0.0,0.0,-0.2253,-0.108,-0.1082,0.0
311,tiger,1280,800,True,1,zebra,0.9241,14.24,30.19,1.3832,0.0,0.6779,0.6779,0.6736,0.6736,0.5476
312,tiger,1024,640,True,1,cow,0.7681,12.58,32.79,1.3832,0.0,0.0737,-0.0175,-0.061,-0.0611,0.0317
313,tiger,1024,640,True,1,zebra,0.8695,12.81,31.4,1.3832,0.0,0.3869,0.3587,0.3467,0.3466,0.2286
314,tiger,1600,890,True,1,zebra,0.9286,13.34,31.27,1.3832,0.0,0.5738,0.5722,0.5584,0.5571,0.4069
315,tiger,800,449,False,0,None,0.0,15.81,31.13,1.3832,0.0,0.0,0.0,0.0,0.0,0.0
316,tiger,800,534,True,1,zebra,0.5783,14.68,34.14,1.3832,0.0,0.1252,0.032,0.0333,0.0333,0.0574
317,tiger,1920,1080,True,2,zebra,0.6643,13.43,31.0,1.3832,0.0,0.0,-0.2694,-0.2476,-0.2478,0.0
318,tiger,1600,987,True,1,cat,0.402,12.93,32.08,1.3832,0.0,0.2171,0.1117,0.1572,0.1569,0.1445
319,tiger,1024,683,True,3,bird,0.4345,13.75,34.6,1.3832,0.0,0.7178,0.7177,0.7089,0.7088,0.5672
320,tiger,736,588,True,1,zebra,0.8969,15.48,37.9,1.3832,0.0,0.3893,0.3701,0.3368,0.3362,0.2351
321,tiger,800,533,True,1,zebra,0.826,12.83,28.84,1.3832,0.0,0.5624,0.5486,0.5431,0.5414,0.3948
322,tiger,720,720,True,2,person,0.495,13.76,36.26,1.3832,0.0,0.9281,0.9281,0.928,0.928,0.895
323,tiger,4874,3269,True,1,dog,0.2526,12.6,28.65,1.3832,0.0,0.1295,-0.0511,0.025,0.022,0.0581
324,tiger,720,639,True,2,zebra,0.811,12.92,29.95,1.3832,0.0,0.2053,0.1038,0.1499,0.1495,0.1078
325,tiger,1440,800,True,1,horse,0.5471,12.69,32.7,1.3832,0.0,0.0,-0.3663,-0.22,-0.22,0.0
