model,task,resolution,precision,mean_ms,median_ms,p90_ms,p95_ms,p99_ms,std_ms,fps,peak_vram_mb
Neuravex,2D Detection Path,320,fp32,36.918,35.233,44.851,47.035,49.993,5.069,27.1,153.6
YOLO26,2D Detection,320,fp32,26.236,24.793,31.285,34.389,41.695,4.229,38.1,144.6
Neuravex,2D Detection Path,512,fp32,36.411,32.907,47.025,58.316,67.063,8.547,27.5,183.5
YOLO26,2D Detection,512,fp32,26.254,24.578,33.606,34.913,40.496,4.973,38.1,152.4
Neuravex,2D Detection Path,640,fp32,36.719,35.681,44.012,48.272,52.757,5.333,27.2,212.2
YOLO26,2D Detection,640,fp32,25.367,24.368,30.191,32.033,42.017,4.636,39.4,163.4
Neuravex,2D Detection Path,768,fp32,37.985,36.496,43.835,47.341,60.366,5.822,26.3,248.3
YOLO26,2D Detection,768,fp32,26.308,24.433,34.0,35.761,40.446,4.538,38.0,175.2
Neuravex,2D Detection Path,1024,fp32,58.014,58.104,60.475,61.159,62.191,2.076,17.2,336.7
YOLO26,2D Detection,1024,fp32,27.724,27.013,31.856,32.956,35.941,2.977,36.1,208.6
Neuravex,2D Detection Path,320,fp16,48.369,47.766,54.23,56.983,64.203,5.584,20.7,98.4
YOLO26,2D Detection,320,fp16,34.753,34.657,38.494,39.824,43.143,3.603,28.8,90.9
Neuravex,2D Detection Path,512,fp16,45.005,42.748,51.836,58.694,81.109,8.176,22.2,113.2
YOLO26,2D Detection,512,fp16,33.033,31.991,37.81,41.18,50.174,4.463,30.3,97.7
Neuravex,2D Detection Path,640,fp16,44.589,43.338,52.167,54.028,56.984,4.763,22.4,127.1
YOLO26,2D Detection,640,fp16,31.838,30.566,36.933,40.887,52.689,5.32,31.4,102.6
Neuravex,2D Detection Path,768,fp16,46.064,45.398,51.317,53.847,56.936,4.209,21.7,145.6
YOLO26,2D Detection,768,fp16,34.764,34.077,39.481,40.618,42.259,3.016,28.8,108.9
Neuravex,2D Detection Path,1024,fp16,47.026,46.345,52.522,54.133,60.482,4.46,21.3,189.3
YOLO26,2D Detection,1024,fp16,36.521,36.621,39.95,40.584,42.759,2.73,27.4,126.2
