epoch,time,train/loss,metrics/accuracy_top1,metrics/accuracy_top5,val/loss,lr/pg0,lr/pg1,lr/pg2
1,17.6263,1.62117,0.69388,0.95918,1.43894,0.000321839,0.000321839,0.000321839
2,32.523,1.06772,0.81633,1,0.58079,0.00059031,0.00059031,0.00059031
3,46.6619,0.65574,0.95918,1,0.33134,0.000792782,0.000792782,0.000792782
4,60.8959,0.42072,0.95918,1,0.15161,0.000703,0.000703,0.000703
5,75.1723,0.30532,0.91837,1,0.12791,0.000604,0.000604,0.000604
6,89.2434,0.306,0.93878,1,0.10995,0.000505,0.000505,0.000505
7,103.489,0.21879,0.91837,1,0.27825,0.000406,0.000406,0.000406
8,117.431,0.2167,0.89796,1,0.155,0.000307,0.000307,0.000307
9,131.299,0.23967,0.87755,1,0.15302,0.000208,0.000208,0.000208
10,145.191,0.24571,0.87755,1,0.1969,0.000109,0.000109,0.000109
